$FLYS,1
$VAR,FIRMWARE_VER,v2023.09.22
$VAR,DEVICE_ID,004300364b34500b20393636
$VAR,SESSION_ID,9bab3c02b932c3477e1f0e7b
$COL,GNSS,time,lat,lon,hMSL,velN,velE,velD,hAcc,vAcc,sAcc,numSV
$UNIT,GNSS,,deg,deg,m,m/s,m/s,m/s,m,m,m/s,
$DATA
$GNSS,2024-03-16T20:54:14.409Z,33.7624280,-117.2195122,418.047,0.04,-0.23,-0.08,2471.565,1617.820,1.28,4
$GNSS,2024-03-16T20:54:18.200Z,33.7624487,-117.2194113,412.067,-0.01,0.06,-0.07,95.697,72.587,0.85,6
$GNSS,2024-03-16T20:54:18.400Z,33.7624485,-117.2194122,411.933,0.03,0.06,0.01,67.880,51.516,0.54,6
$GNSS,2024-03-16T20:54:18.600Z,33.7624782,-117.2192229,425.881,-0.02,0.02,-0.09,47.087,35.304,0.42,7
$GNSS,2024-03-16T20:54:18.800Z,33.7624865,-117.2191707,429.789,-0.05,0.22,0.09,38.514,28.728,0.40,7
$GNSS,2024-03-16T20:54:19.000Z,33.7624901,-117.2191464,431.587,0.01,0.13,-0.14,33.507,24.878,0.52,7
$GNSS,2024-03-16T20:54:19.200Z,33.7624920,-117.2191327,432.584,0.03,0.04,-0.21,30.100,22.257,0.36,7
$GNSS,2024-03-16T20:54:19.400Z,33.7624933,-117.2191261,433.065,0.00,0.25,-0.02,27.434,20.235,0.50,7
$GNSS,2024-03-16T20:54:19.600Z,33.7624944,-117.2191229,433.326,0.03,0.12,-0.14,25.294,18.631,0.44,7
$GNSS,2024-03-16T20:54:19.800Z,33.7624953,-117.2191226,433.456,-0.02,-0.04,-0.13,23.540,17.331,0.28,7
$GNSS,2024-03-16T20:54:20.000Z,33.7624960,-117.2191236,433.504,-0.03,0.09,0.03,22.083,16.259,0.42,7
$GNSS,2024-03-16T20:54:20.200Z,33.7624965,-117.2191249,433.511,-0.04,0.02,0.08,20.850,15.354,0.26,7
$GNSS,2024-03-16T20:54:20.400Z,33.7624974,-117.2191208,433.897,-0.05,-0.09,0.11,19.751,14.544,0.41,7
$GNSS,2024-03-16T20:54:20.600Z,33.7624986,-117.2191153,434.322,-0.08,-0.18,0.09,18.886,13.881,0.45,7
$GNSS,2024-03-16T20:54:20.800Z,33.7624997,-117.2191121,434.601,0.00,0.05,0.17,18.127,13.305,0.36,7
$GNSS,2024-03-16T20:54:21.000Z,33.7625000,-117.2191102,434.745,-0.17,-0.08,0.10,17.440,12.795,0.30,7
$GNSS,2024-03-16T20:54:21.200Z,33.7625008,-117.2191060,435.085,0.04,-0.18,0.15,16.730,12.263,0.42,7
$GNSS,2024-03-16T20:54:21.400Z,33.7625014,-117.2191045,435.272,-0.05,-0.20,-0.03,16.058,11.771,0.39,7
$GNSS,2024-03-16T20:54:21.600Z,33.7625028,-117.2190969,435.939,-0.12,-0.24,0.03,15.270,11.172,0.40,7
$GNSS,2024-03-16T20:54:21.800Z,33.7625026,-117.2190984,435.893,-0.04,-0.10,0.10,14.762,10.805,0.40,7
$GNSS,2024-03-16T20:54:22.000Z,33.7625026,-117.2191004,435.793,0.00,-0.02,0.06,14.305,10.471,0.38,7
$GNSS,2024-03-16T20:54:22.200Z,33.7625022,-117.2191041,435.602,0.04,-0.09,0.04,13.845,10.146,0.39,7
$GNSS,2024-03-16T20:54:22.400Z,33.7625020,-117.2191078,435.412,-0.04,-0.12,0.04,13.430,9.852,0.43,7
$GNSS,2024-03-16T20:54:22.600Z,33.7625018,-117.2191110,435.239,-0.02,-0.11,0.07,13.051,9.583,0.42,7
$GNSS,2024-03-16T20:54:22.800Z,33.7625016,-117.2191139,435.091,0.09,-0.16,0.03,12.709,9.341,0.39,7
$GNSS,2024-03-16T20:54:23.000Z,33.7625012,-117.2191173,434.908,-0.03,-0.12,0.02,12.420,9.142,0.43,7
$GNSS,2024-03-16T20:54:23.200Z,33.7625010,-117.2191200,434.740,0.09,-0.08,0.03,12.287,9.054,0.52,7
$GNSS,2024-03-16T20:54:23.400Z,33.7625014,-117.2191195,434.804,-0.03,-0.10,0.05,12.019,8.839,0.41,7
$GNSS,2024-03-16T20:54:23.600Z,33.7625018,-117.2191191,434.860,0.05,-0.23,0.19,11.767,8.640,0.40,7
$GNSS,2024-03-16T20:54:23.800Z,33.7625015,-117.2191206,434.822,-0.08,-0.18,0.08,11.448,8.418,0.41,7
$GNSS,2024-03-16T20:54:24.000Z,33.7625012,-117.2191223,434.738,-0.05,-0.12,0.02,11.214,8.252,0.40,7
$GNSS,2024-03-16T20:54:24.200Z,33.7625041,-117.2191153,435.145,0.02,-0.09,0.03,10.822,8.013,0.39,8
$GNSS,2024-03-16T20:54:24.400Z,33.7625066,-117.2191095,435.482,0.02,0.03,0.06,10.454,7.778,0.22,8
$GNSS,2024-03-16T20:54:24.600Z,33.7625086,-117.2191050,435.729,-0.08,-0.02,0.00,10.129,7.568,0.19,8
$GNSS,2024-03-16T20:54:24.800Z,33.7625104,-117.2191010,435.940,0.03,0.04,-0.01,9.856,7.385,0.33,8
$GNSS,2024-03-16T20:54:25.000Z,33.7625119,-117.2190988,436.025,0.03,0.15,-0.06,9.642,7.249,0.38,8
$GNSS,2024-03-16T20:54:25.200Z,33.7625131,-117.2190974,436.074,0.06,0.13,-0.06,9.429,7.117,0.35,8
$GNSS,2024-03-16T20:54:25.400Z,33.7625142,-117.2190965,436.111,-0.05,0.02,-0.13,9.220,6.982,0.27,8
$GNSS,2024-03-16T20:54:25.600Z,33.7625150,-117.2190959,436.123,0.02,0.05,-0.03,9.027,6.855,0.35,8
$GNSS,2024-03-16T20:54:25.800Z,33.7625158,-117.2190953,436.131,0.01,-0.02,-0.03,8.846,6.735,0.25,8
$GNSS,2024-03-16T20:54:26.000Z,33.7625165,-117.2190949,436.131,0.01,0.02,-0.08,8.676,6.622,0.27,8
$GNSS,2024-03-16T20:54:26.200Z,33.7625171,-117.2190952,436.076,0.02,0.05,0.02,8.518,6.515,0.33,8
$GNSS,2024-03-16T20:54:26.400Z,33.7625176,-117.2190952,436.021,-0.02,-0.02,0.07,8.371,6.414,0.28,8
$GNSS,2024-03-16T20:54:26.600Z,33.7625181,-117.2190953,435.975,0.00,-0.02,0.01,8.231,6.318,0.37,8
$GNSS,2024-03-16T20:54:26.800Z,33.7625186,-117.2190957,435.925,-0.01,-0.06,-0.03,8.099,6.228,0.32,8
$GNSS,2024-03-16T20:54:27.000Z,33.7625189,-117.2190962,435.868,-0.04,-0.05,0.01,7.975,6.142,0.33,8
$GNSS,2024-03-16T20:54:27.200Z,33.7625192,-117.2190967,435.808,-0.02,-0.09,0.04,7.860,6.063,0.38,8
$GNSS,2024-03-16T20:54:27.400Z,33.7625195,-117.2190976,435.719,-0.02,-0.07,0.08,7.751,5.986,0.36,8
$GNSS,2024-03-16T20:54:27.600Z,33.7625198,-117.2190976,435.682,-0.06,-0.09,0.03,7.652,5.919,0.35,8
$GNSS,2024-03-16T20:54:27.800Z,33.7625200,-117.2190977,435.627,-0.07,0.07,0.09,7.557,5.853,0.22,8
$GNSS,2024-03-16T20:54:28.000Z,33.7625200,-117.2190994,435.494,-0.02,-0.10,0.04,7.442,5.781,0.37,8
$GNSS,2024-03-16T20:54:28.200Z,33.7625201,-117.2191003,435.409,-0.06,-0.06,0.07,7.333,5.711,0.31,8
$GNSS,2024-03-16T20:54:28.400Z,33.7625202,-117.2191020,435.270,0.08,-0.07,0.03,7.224,5.639,0.27,8
$GNSS,2024-03-16T20:54:28.600Z,33.7625204,-117.2191027,435.196,-0.08,-0.01,0.02,7.136,5.578,0.19,8
$GNSS,2024-03-16T20:54:28.800Z,33.7625205,-117.2191032,435.124,-0.01,-0.08,0.08,7.050,5.519,0.36,8
$GNSS,2024-03-16T20:54:29.000Z,33.7625206,-117.2191042,435.024,-0.06,-0.01,0.00,6.963,5.458,0.20,8
$GNSS,2024-03-16T20:54:29.200Z,33.7625207,-117.2191053,434.918,0.00,-0.09,0.07,6.881,5.399,0.37,8
$GNSS,2024-03-16T20:54:29.400Z,33.7625210,-117.2191055,434.868,0.03,-0.09,0.10,6.808,5.345,0.35,8
$GNSS,2024-03-16T20:54:29.600Z,33.7625213,-117.2191053,434.849,0.00,-0.02,0.00,6.743,5.297,0.35,8
$GNSS,2024-03-16T20:54:29.800Z,33.7625214,-117.2191059,434.787,-0.03,-0.12,0.04,6.680,5.252,0.38,8
$GNSS,2024-03-16T20:54:30.000Z,33.7625216,-117.2191065,434.733,-0.05,-0.05,0.02,6.615,5.203,0.32,8
$GNSS,2024-03-16T20:54:30.200Z,33.7625216,-117.2191063,434.711,0.01,-0.07,0.03,6.531,5.153,0.39,9
$GNSS,2024-03-16T20:54:30.400Z,33.7625217,-117.2191064,434.679,0.03,-0.10,0.02,6.446,5.102,0.36,9
$GNSS,2024-03-16T20:54:30.600Z,33.7625217,-117.2191067,434.635,-0.02,-0.07,0.05,6.363,5.052,0.38,9
$GNSS,2024-03-16T20:54:30.800Z,33.7625216,-117.2191070,434.581,-0.10,-0.03,0.06,6.284,5.005,0.25,9
$GNSS,2024-03-16T20:54:31.000Z,33.7625215,-117.2191070,434.567,0.01,-0.07,-0.08,6.212,4.960,0.29,9
$GNSS,2024-03-16T20:54:31.200Z,33.7625216,-117.2191069,434.547,0.04,0.04,0.05,6.143,4.917,0.30,9
$GNSS,2024-03-16T20:54:31.400Z,33.7625216,-117.2191073,434.484,0.00,0.02,0.08,6.076,4.874,0.28,9
$GNSS,2024-03-16T20:54:31.600Z,33.7625216,-117.2191072,434.456,-0.04,0.08,0.03,6.014,4.835,0.28,9
$GNSS,2024-03-16T20:54:31.800Z,33.7625217,-117.2191065,434.475,0.00,-0.05,-0.02,5.957,4.798,0.33,9
$GNSS,2024-03-16T20:54:32.000Z,33.7625218,-117.2191060,434.501,-0.03,-0.06,-0.04,5.900,4.761,0.32,9
$GNSS,2024-03-16T20:54:32.200Z,33.7625218,-117.2191054,434.521,0.00,0.03,0.02,5.846,4.726,0.29,9
$GNSS,2024-03-16T20:54:32.400Z,33.7625219,-117.2191052,434.508,0.02,-0.05,0.01,5.792,4.693,0.34,9
$GNSS,2024-03-16T20:54:32.600Z,33.7625220,-117.2191051,434.491,0.02,-0.10,0.08,5.736,4.658,0.36,9
$GNSS,2024-03-16T20:54:32.800Z,33.7625221,-117.2191047,434.494,0.05,-0.02,0.02,5.684,4.624,0.24,9
$GNSS,2024-03-16T20:54:33.000Z,33.7625222,-117.2191042,434.508,-0.05,-0.09,-0.01,5.635,4.591,0.33,9
$GNSS,2024-03-16T20:54:33.200Z,33.7625222,-117.2191043,434.488,-0.01,-0.07,-0.01,5.587,4.559,0.35,9
$GNSS,2024-03-16T20:54:33.400Z,33.7625223,-117.2191042,434.472,0.00,-0.06,0.07,5.540,4.528,0.34,9
$GNSS,2024-03-16T20:54:33.600Z,33.7625223,-117.2191035,434.489,-0.04,-0.08,0.01,5.492,4.497,0.35,9
$GNSS,2024-03-16T20:54:33.800Z,33.7625223,-117.2191037,434.474,-0.01,-0.06,0.07,5.472,4.481,0.40,9
$GNSS,2024-03-16T20:54:34.000Z,33.7625223,-117.2191036,434.448,0.00,-0.16,0.07,5.432,4.452,0.40,9
$GNSS,2024-03-16T20:54:34.200Z,33.7625223,-117.2191037,434.420,-0.01,-0.09,0.12,5.391,4.426,0.37,10
$GNSS,2024-03-16T20:54:34.400Z,33.7625223,-117.2191032,434.412,-0.03,-0.09,0.13,5.350,4.400,0.35,10
$GNSS,2024-03-16T20:54:34.600Z,33.7625222,-117.2191028,434.415,-0.06,-0.14,0.06,5.306,4.374,0.36,10
$GNSS,2024-03-16T20:54:34.800Z,33.7625222,-117.2191024,434.422,0.01,-0.16,0.06,5.262,4.347,0.39,10
$GNSS,2024-03-16T20:54:35.000Z,33.7625221,-117.2191020,434.426,-0.09,-0.06,0.03,5.220,4.321,0.28,10
$GNSS,2024-03-16T20:54:35.200Z,33.7625220,-117.2191021,434.382,0.01,0.00,0.12,5.178,4.295,0.30,10
$GNSS,2024-03-16T20:54:35.400Z,33.7625220,-117.2191015,434.392,0.00,-0.16,-0.01,5.137,4.269,0.39,10
$GNSS,2024-03-16T20:54:35.600Z,33.7625220,-117.2191017,434.364,0.01,-0.12,0.05,5.097,4.243,0.38,10
$GNSS,2024-03-16T20:54:35.800Z,33.7625219,-117.2191019,434.333,-0.06,-0.11,0.03,5.059,4.219,0.36,10
$GNSS,2024-03-16T20:54:36.000Z,33.7625218,-117.2191017,434.315,-0.01,-0.05,0.12,5.024,4.197,0.33,10
$GNSS,2024-03-16T20:54:36.200Z,33.7625219,-117.2191010,434.330,-0.02,-0.11,0.02,4.992,4.175,0.39,10
$GNSS,2024-03-16T20:54:36.400Z,33.7625219,-117.2191005,434.339,0.01,0.00,0.07,4.961,4.155,0.32,10
$GNSS,2024-03-16T20:54:36.600Z,33.7625219,-117.2191000,434.338,-0.01,0.03,0.00,4.931,4.134,0.39,10
$GNSS,2024-03-16T20:54:36.800Z,33.7625219,-117.2190996,434.330,0.02,-0.03,0.03,4.901,4.115,0.36,10
$GNSS,2024-03-16T20:54:37.000Z,33.7625219,-117.2190995,434.311,-0.01,-0.08,0.07,4.873,4.096,0.38,10
$GNSS,2024-03-16T20:54:37.200Z,33.7625218,-117.2190991,434.325,-0.01,-0.17,0.01,4.844,4.077,0.38,10
$GNSS,2024-03-16T20:54:37.400Z,33.7625218,-117.2190986,434.335,0.00,-0.03,0.07,4.816,4.056,0.31,10
$GNSS,2024-03-16T20:54:37.600Z,33.7625217,-117.2190985,434.307,-0.01,-0.06,0.10,4.790,4.038,0.35,10
$GNSS,2024-03-16T20:54:37.800Z,33.7625218,-117.2190976,434.344,0.00,-0.06,-0.05,4.761,4.020,0.25,10
$GNSS,2024-03-16T20:54:38.000Z,33.7625218,-117.2190976,434.326,0.01,0.00,0.00,4.731,3.999,0.21,10
$GNSS,2024-03-16T20:54:38.200Z,33.7625218,-117.2190973,434.322,-0.05,0.04,-0.01,4.703,3.980,0.24,10
$GNSS,2024-03-16T20:54:38.400Z,33.7625217,-117.2190970,434.313,-0.02,-0.01,0.01,4.675,3.962,0.30,10
$GNSS,2024-03-16T20:54:38.600Z,33.7625217,-117.2190969,434.309,-0.03,-0.03,-0.06,4.650,3.944,0.30,10
$GNSS,2024-03-16T20:54:38.800Z,33.7625216,-117.2190967,434.315,-0.08,-0.14,-0.02,4.626,3.927,0.35,10
$GNSS,2024-03-16T20:54:39.000Z,33.7625215,-117.2190968,434.301,-0.04,-0.03,0.03,4.603,3.909,0.31,10
$GNSS,2024-03-16T20:54:39.200Z,33.7625215,-117.2190963,434.319,-0.01,-0.03,0.02,4.582,3.894,0.40,10
$GNSS,2024-03-16T20:54:39.400Z,33.7625216,-117.2190963,434.318,-0.03,-0.15,-0.03,4.560,3.878,0.40,10
$GNSS,2024-03-16T20:54:39.600Z,33.7625217,-117.2190962,434.306,0.02,-0.04,0.13,4.539,3.863,0.33,10
$GNSS,2024-03-16T20:54:39.800Z,33.7625218,-117.2190960,434.292,-0.01,-0.06,0.08,4.519,3.848,0.36,10
$GNSS,2024-03-16T20:54:40.000Z,33.7625219,-117.2190958,434.297,-0.02,-0.15,0.04,4.499,3.833,0.43,10
$GNSS,2024-03-16T20:54:40.200Z,33.7625219,-117.2190958,434.284,0.01,-0.13,0.06,4.477,3.818,0.42,10
$GNSS,2024-03-16T20:54:40.400Z,33.7625220,-117.2190948,434.327,-0.03,0.01,0.03,4.454,3.802,0.28,10
$GNSS,2024-03-16T20:54:40.600Z,33.7625220,-117.2190947,434.300,0.05,-0.04,0.07,4.432,3.786,0.31,10
$GNSS,2024-03-16T20:54:40.800Z,33.7625219,-117.2190944,434.287,-0.04,-0.01,0.05,4.412,3.771,0.27,10
$GNSS,2024-03-16T20:54:41.000Z,33.7625218,-117.2190941,434.269,-0.05,0.03,0.04,4.393,3.757,0.30,10
$GNSS,2024-03-16T20:54:41.200Z,33.7625217,-117.2190940,434.234,-0.02,-0.03,0.08,4.371,3.743,0.32,10
$GNSS,2024-03-16T20:54:41.400Z,33.7625216,-117.2190941,434.188,-0.03,-0.07,0.11,4.349,3.727,0.34,10
$GNSS,2024-03-16T20:54:41.600Z,33.7625215,-117.2190942,434.150,-0.08,-0.10,0.05,4.327,3.711,0.34,10
$GNSS,2024-03-16T20:54:41.800Z,33.7625213,-117.2190942,434.117,-0.07,-0.07,0.13,4.309,3.698,0.32,10
$GNSS,2024-03-16T20:54:42.000Z,33.7625212,-117.2190942,434.095,0.00,-0.17,0.11,4.293,3.687,0.42,10
$GNSS,2024-03-16T20:54:42.200Z,33.7625212,-117.2190941,434.076,0.02,-0.15,0.12,4.276,3.676,0.42,10
$GNSS,2024-03-16T20:54:42.400Z,33.7625211,-117.2190936,434.100,-0.01,-0.13,0.02,4.259,3.665,0.44,10
$GNSS,2024-03-16T20:54:42.600Z,33.7625210,-117.2190937,434.091,-0.07,-0.17,0.02,4.243,3.654,0.41,10
$GNSS,2024-03-16T20:54:42.800Z,33.7625208,-117.2190937,434.076,-0.01,-0.10,0.03,4.227,3.644,0.44,10
$GNSS,2024-03-16T20:54:43.000Z,33.7625207,-117.2190942,434.016,0.01,-0.09,0.10,4.210,3.631,0.40,10
$GNSS,2024-03-16T20:54:43.200Z,33.7625206,-117.2190938,434.007,-0.02,0.06,0.07,4.193,3.618,0.35,10
$GNSS,2024-03-16T20:54:43.400Z,33.7625206,-117.2190935,433.984,0.04,-0.01,0.06,4.176,3.605,0.31,10
$GNSS,2024-03-16T20:54:43.600Z,33.7625206,-117.2190937,433.931,0.02,0.03,0.09,4.160,3.593,0.32,10
$GNSS,2024-03-16T20:54:43.800Z,33.7625205,-117.2190937,433.895,-0.04,0.05,0.04,4.147,3.583,0.37,10
$GNSS,2024-03-16T20:54:44.000Z,33.7625204,-117.2190937,433.860,-0.02,-0.07,0.08,4.135,3.576,0.38,10
$GNSS,2024-03-16T20:54:44.200Z,33.7625204,-117.2190936,433.844,0.04,-0.09,0.10,4.123,3.570,0.42,10
$GNSS,2024-03-16T20:54:44.400Z,33.7625204,-117.2190935,433.801,0.05,0.03,0.14,4.109,3.561,0.36,10
$GNSS,2024-03-16T20:54:44.600Z,33.7625204,-117.2190935,433.772,-0.01,-0.16,0.08,4.096,3.553,0.45,10
$GNSS,2024-03-16T20:54:44.800Z,33.7625204,-117.2190928,433.821,0.02,-0.06,-0.01,4.081,3.543,0.44,10
$GNSS,2024-03-16T20:54:45.000Z,33.7625204,-117.2190932,433.758,0.05,-0.09,0.13,4.065,3.530,0.36,10
$GNSS,2024-03-16T20:54:45.200Z,33.7625204,-117.2190931,433.759,0.01,-0.15,-0.01,4.049,3.517,0.42,10
$GNSS,2024-03-16T20:54:45.400Z,33.7625204,-117.2190934,433.733,0.04,-0.18,0.09,4.034,3.505,0.41,10
$GNSS,2024-03-16T20:54:45.600Z,33.7625204,-117.2190935,433.714,0.01,-0.07,0.07,4.020,3.495,0.37,10
$GNSS,2024-03-16T20:54:45.800Z,33.7625203,-117.2190936,433.683,-0.08,-0.12,0.13,4.006,3.485,0.35,10
$GNSS,2024-03-16T20:54:46.000Z,33.7625203,-117.2190935,433.663,0.01,-0.02,0.08,3.993,3.477,0.33,10
$GNSS,2024-03-16T20:54:46.200Z,33.7625202,-117.2190933,433.653,-0.08,-0.08,0.08,3.979,3.468,0.31,10
$GNSS,2024-03-16T20:54:46.400Z,33.7625200,-117.2190933,433.621,-0.07,-0.03,0.12,3.966,3.459,0.30,10
$GNSS,2024-03-16T20:54:46.600Z,33.7625199,-117.2190934,433.591,-0.02,-0.04,-0.03,3.953,3.450,0.36,10
$GNSS,2024-03-16T20:54:46.800Z,33.7625200,-117.2190930,433.606,0.09,-0.02,0.02,3.939,3.442,0.26,10
$GNSS,2024-03-16T20:54:47.000Z,33.7625200,-117.2190925,433.639,-0.10,-0.12,-0.06,3.928,3.434,0.36,10
$GNSS,2024-03-16T20:54:47.200Z,33.7625200,-117.2190926,433.631,0.02,-0.12,-0.01,3.916,3.426,0.44,10
$GNSS,2024-03-16T20:54:47.400Z,33.7625199,-117.2190931,433.573,0.02,-0.01,0.11,3.904,3.417,0.31,10
$GNSS,2024-03-16T20:54:47.600Z,33.7625200,-117.2190924,433.586,0.01,-0.02,0.03,3.894,3.410,0.38,10
$GNSS,2024-03-16T20:54:47.800Z,33.7625200,-117.2190918,433.595,0.01,-0.04,0.08,3.885,3.403,0.37,10
$GNSS,2024-03-16T20:54:48.000Z,33.7625199,-117.2190910,433.616,-0.06,0.02,-0.02,3.873,3.395,0.25,10
$GNSS,2024-03-16T20:54:48.200Z,33.7625198,-117.2190910,433.572,-0.01,0.05,0.02,3.866,3.389,0.47,10
$GNSS,2024-03-16T20:54:48.400Z,33.7625197,-117.2190908,433.578,-0.03,-0.08,-0.05,3.860,3.384,0.42,10
$GNSS,2024-03-16T20:54:48.600Z,33.7625198,-117.2190908,433.572,0.09,-0.01,-0.02,3.852,3.379,0.24,10
$GNSS,2024-03-16T20:54:48.800Z,33.7625198,-117.2190911,433.521,0.00,-0.03,0.09,3.843,3.374,0.38,10
$GNSS,2024-03-16T20:54:49.000Z,33.7625198,-117.2190909,433.529,-0.02,-0.18,0.02,3.834,3.369,0.41,10
$GNSS,2024-03-16T20:54:49.200Z,33.7625197,-117.2190907,433.543,-0.05,0.02,-0.01,3.826,3.363,0.30,10
$GNSS,2024-03-16T20:54:49.400Z,33.7625197,-117.2190904,433.557,0.06,-0.05,-0.07,3.816,3.354,0.31,10
$GNSS,2024-03-16T20:54:49.600Z,33.7625197,-117.2190903,433.546,-0.02,0.06,0.02,3.805,3.345,0.37,10
$GNSS,2024-03-16T20:54:49.800Z,33.7625196,-117.2190908,433.496,0.00,-0.03,-0.01,3.795,3.337,0.39,10
$GNSS,2024-03-16T20:54:50.000Z,33.7625196,-117.2190913,433.449,0.02,-0.09,0.05,3.787,3.329,0.41,10
$GNSS,2024-03-16T20:54:50.200Z,33.7625196,-117.2190912,433.445,0.03,-0.08,-0.01,3.778,3.322,0.38,10
$GNSS,2024-03-16T20:54:50.400Z,33.7625196,-117.2190911,433.438,-0.04,0.09,0.02,3.770,3.315,0.41,10
$GNSS,2024-03-16T20:54:50.600Z,33.7625195,-117.2190911,433.399,0.04,-0.01,0.12,3.762,3.307,0.33,10
$GNSS,2024-03-16T20:54:50.800Z,33.7625194,-117.2190911,433.369,-0.07,-0.01,0.04,3.755,3.302,0.26,10
$GNSS,2024-03-16T20:54:51.000Z,33.7625193,-117.2190910,433.344,0.01,-0.01,0.10,3.747,3.296,0.35,10
$GNSS,2024-03-16T20:54:51.200Z,33.7625193,-117.2190908,433.354,0.04,-0.13,0.01,3.740,3.289,0.43,10
$GNSS,2024-03-16T20:54:51.400Z,33.7625194,-117.2190909,433.350,-0.04,-0.17,0.09,3.732,3.283,0.41,10
$GNSS,2024-03-16T20:54:51.600Z,33.7625193,-117.2190906,433.374,-0.09,-0.13,-0.02,3.724,3.275,0.36,10
$GNSS,2024-03-16T20:54:51.800Z,33.7625191,-117.2190906,433.369,-0.06,-0.13,0.09,3.717,3.268,0.38,10
$GNSS,2024-03-16T20:54:52.000Z,33.7625189,-117.2190905,433.382,-0.10,-0.20,-0.01,3.710,3.262,0.41,10
$GNSS,2024-03-16T20:54:52.200Z,33.7625189,-117.2190907,433.364,0.04,-0.14,0.10,3.703,3.257,0.41,10
$GNSS,2024-03-16T20:54:52.400Z,33.7625189,-117.2190904,433.365,-0.04,-0.06,0.08,3.697,3.252,0.36,10
$GNSS,2024-03-16T20:54:52.600Z,33.7625189,-117.2190901,433.361,0.09,-0.10,0.14,3.691,3.247,0.37,10
$GNSS,2024-03-16T20:54:52.800Z,33.7625189,-117.2190898,433.364,-0.04,-0.13,0.03,3.686,3.245,0.44,10
$GNSS,2024-03-16T20:54:53.000Z,33.7625187,-117.2190896,433.366,-0.05,-0.04,0.02,3.681,3.243,0.35,10
$GNSS,2024-03-16T20:54:53.200Z,33.7625186,-117.2190896,433.342,-0.02,-0.10,0.10,3.678,3.242,0.42,10
$GNSS,2024-03-16T20:54:53.400Z,33.7625184,-117.2190893,433.329,-0.07,0.00,0.12,3.675,3.242,0.33,10
$GNSS,2024-03-16T20:54:53.600Z,33.7625184,-117.2190890,433.336,0.09,-0.25,0.06,3.673,3.242,0.50,10
$GNSS,2024-03-16T20:54:53.800Z,33.7625184,-117.2190891,433.321,-0.10,-0.10,0.14,3.673,3.246,0.38,10
$GNSS,2024-03-16T20:54:54.000Z,33.7625184,-117.2190894,433.318,0.04,-0.44,0.03,3.675,3.251,0.56,10
$GNSS,2024-03-16T20:54:54.200Z,33.7625186,-117.2190898,433.295,0.06,-0.22,0.21,3.677,3.256,0.53,10
$GNSS,2024-03-16T20:54:54.400Z,33.7625188,-117.2190896,433.303,0.30,-0.31,0.12,3.679,3.258,0.42,10
$GNSS,2024-03-16T20:54:54.600Z,33.7625193,-117.2190890,433.381,0.18,-0.29,0.03,3.675,3.254,0.45,10
$GNSS,2024-03-16T20:54:54.800Z,33.7625194,-117.2190886,433.406,-0.03,0.07,0.07,3.666,3.248,0.39,10
$GNSS,2024-03-16T20:54:55.000Z,33.7625192,-117.2190882,433.416,-0.13,-0.06,-0.01,3.661,3.246,0.32,10
$GNSS,2024-03-16T20:54:55.200Z,33.7625192,-117.2190878,433.441,0.11,-0.05,-0.02,3.650,3.236,0.25,10
$GNSS,2024-03-16T20:54:55.400Z,33.7625193,-117.2190879,433.425,-0.01,0.07,-0.03,3.641,3.226,0.41,10
$GNSS,2024-03-16T20:54:55.600Z,33.7625192,-117.2190881,433.371,0.00,0.13,0.01,3.635,3.218,0.47,10
$GNSS,2024-03-16T20:54:55.800Z,33.7625192,-117.2190882,433.335,-0.01,0.16,-0.06,3.634,3.217,0.44,10
$GNSS,2024-03-16T20:54:56.000Z,33.7625191,-117.2190881,433.350,-0.10,-0.01,-0.22,3.633,3.218,0.42,10
$GNSS,2024-03-16T20:54:56.200Z,33.7625192,-117.2190879,433.395,0.10,0.12,-0.13,3.633,3.220,0.37,9
$GNSS,2024-03-16T20:54:56.400Z,33.7625194,-117.2190877,433.432,-0.02,0.05,-0.16,3.630,3.217,0.41,9
$GNSS,2024-03-16T20:54:56.600Z,33.7625193,-117.2190882,433.381,-0.06,0.21,-0.06,3.627,3.214,0.45,10
$GNSS,2024-03-16T20:54:56.800Z,33.7625192,-117.2190879,433.400,0.01,0.06,-0.08,3.629,3.219,0.43,10
$GNSS,2024-03-16T20:54:57.000Z,33.7625192,-117.2190878,433.411,0.03,-0.02,-0.09,3.631,3.226,0.41,10
$GNSS,2024-03-16T20:54:57.200Z,33.7625193,-117.2190878,433.410,0.05,0.06,0.04,3.633,3.234,0.47,10
$GNSS,2024-03-16T20:54:57.400Z,33.7625193,-117.2190877,433.400,0.01,-0.07,0.04,3.634,3.240,0.47,10
$GNSS,2024-03-16T20:54:57.600Z,33.7625194,-117.2190876,433.412,0.04,-0.14,0.04,3.636,3.246,0.48,10
$GNSS,2024-03-16T20:54:57.800Z,33.7625195,-117.2190873,433.452,0.02,-0.19,0.06,3.637,3.252,0.49,10
$GNSS,2024-03-16T20:54:58.000Z,33.7625196,-117.2190874,433.437,0.01,-0.12,0.15,3.636,3.254,0.47,10
$GNSS,2024-03-16T20:54:58.200Z,33.7625197,-117.2190873,433.433,0.05,-0.18,0.14,3.635,3.257,0.49,10
$GNSS,2024-03-16T20:54:58.400Z,33.7625198,-117.2190868,433.454,-0.02,-0.12,0.19,3.633,3.259,0.45,10
$GNSS,2024-03-16T20:54:58.600Z,33.7625198,-117.2190871,433.402,0.01,-0.16,0.19,3.633,3.261,0.47,10
$GNSS,2024-03-16T20:54:58.800Z,33.7625199,-117.2190870,433.399,0.01,-0.25,0.17,3.628,3.258,0.47,10
$GNSS,2024-03-16T20:54:59.000Z,33.7625199,-117.2190874,433.350,-0.01,-0.25,0.16,3.624,3.254,0.46,10
$GNSS,2024-03-16T20:54:59.200Z,33.7625199,-117.2190877,433.309,-0.05,-0.10,0.12,3.615,3.244,0.42,10
$GNSS,2024-03-16T20:54:59.400Z,33.7625199,-117.2190869,433.357,-0.05,-0.16,0.14,3.607,3.235,0.42,10
$GNSS,2024-03-16T20:54:59.600Z,33.7625199,-117.2190870,433.333,0.00,-0.14,0.09,3.601,3.227,0.43,10
$GNSS,2024-03-16T20:54:59.800Z,33.7625198,-117.2190874,433.281,-0.10,-0.11,0.15,3.598,3.223,0.37,10
$GNSS,2024-03-16T20:55:00.000Z,33.7625198,-117.2190879,433.204,0.03,-0.09,0.13,3.595,3.220,0.41,10
$GNSS,2024-03-16T20:55:00.200Z,33.7625199,-117.2190878,433.198,0.00,-0.16,0.03,3.592,3.217,0.44,10
$GNSS,2024-03-16T20:55:00.400Z,33.7625200,-117.2190888,433.096,0.00,-0.10,0.09,3.586,3.211,0.42,10
$GNSS,2024-03-16T20:55:00.600Z,33.7625201,-117.2190892,433.030,-0.07,-0.12,0.07,3.581,3.204,0.40,10
$GNSS,2024-03-16T20:55:00.800Z,33.7625201,-117.2190898,432.950,-0.01,-0.10,0.11,3.579,3.200,0.42,10
$GNSS,2024-03-16T20:55:01.000Z,33.7625202,-117.2190901,432.898,-0.02,-0.08,0.06,3.579,3.198,0.43,10
$GNSS,2024-03-16T20:55:01.200Z,33.7625204,-117.2190901,432.869,0.07,-0.04,0.11,3.576,3.195,0.38,10
$GNSS,2024-03-16T20:55:01.400Z,33.7625205,-117.2190907,432.805,-0.01,-0.17,0.07,3.573,3.192,0.44,10
$GNSS,2024-03-16T20:55:01.600Z,33.7625207,-117.2190911,432.759,0.00,-0.12,0.06,3.567,3.186,0.45,10
$GNSS,2024-03-16T20:55:01.800Z,33.7625208,-117.2190917,432.691,-0.02,-0.15,0.09,3.563,3.180,0.43,10
$GNSS,2024-03-16T20:55:02.000Z,33.7625209,-117.2190917,432.669,-0.05,-0.06,0.02,3.558,3.174,0.38,10
$GNSS,2024-03-16T20:55:02.200Z,33.7625210,-117.2190920,432.607,-0.03,-0.03,0.06,3.555,3.168,0.36,10
$GNSS,2024-03-16T20:55:02.400Z,33.7625211,-117.2190921,432.566,-0.02,-0.03,0.06,3.551,3.162,0.35,10
$GNSS,2024-03-16T20:55:02.600Z,33.7625212,-117.2190923,432.523,-0.03,-0.04,0.02,3.549,3.158,0.38,10
$GNSS,2024-03-16T20:55:02.800Z,33.7625213,-117.2190927,432.474,0.00,-0.12,-0.02,3.545,3.153,0.45,10
$GNSS,2024-03-16T20:55:03.000Z,33.7625214,-117.2190928,432.453,-0.03,-0.04,-0.06,3.542,3.148,0.32,10
$GNSS,2024-03-16T20:55:03.200Z,33.7625215,-117.2190932,432.406,0.03,-0.04,-0.02,3.539,3.142,0.38,10
$GNSS,2024-03-16T20:55:03.400Z,33.7625216,-117.2190935,432.358,-0.02,0.02,0.01,3.535,3.137,0.38,10
$GNSS,2024-03-16T20:55:03.600Z,33.7625217,-117.2190935,432.318,0.02,0.08,-0.06,3.532,3.131,0.41,10
$GNSS,2024-03-16T20:55:03.800Z,33.7625218,-117.2190938,432.262,0.00,0.09,-0.01,3.528,3.125,0.44,10
$GNSS,2024-03-16T20:55:04.000Z,33.7625220,-117.2190937,432.227,0.05,0.08,0.00,3.527,3.122,0.40,10
$GNSS,2024-03-16T20:55:04.200Z,33.7625220,-117.2190940,432.195,-0.05,-0.01,-0.13,3.525,3.119,0.38,10
$GNSS,2024-03-16T20:55:04.400Z,33.7625220,-117.2190948,432.139,-0.06,-0.05,-0.11,3.522,3.114,0.33,10
$GNSS,2024-03-16T20:55:04.600Z,33.7625221,-117.2190947,432.125,-0.03,0.07,0.00,3.519,3.108,0.46,10
$GNSS,2024-03-16T20:55:04.800Z,33.7625221,-117.2190948,432.086,-0.02,0.00,0.00,3.517,3.103,0.30,10
$GNSS,2024-03-16T20:55:05.000Z,33.7625223,-117.2190948,432.063,0.02,0.00,-0.04,3.513,3.098,0.30,10
$GNSS,2024-03-16T20:55:05.200Z,33.7625224,-117.2190953,432.006,0.06,0.00,-0.02,3.512,3.093,0.28,10
$GNSS,2024-03-16T20:55:05.400Z,33.7625225,-117.2190956,431.942,-0.03,0.14,0.00,3.510,3.088,0.50,10
$GNSS,2024-03-16T20:55:05.600Z,33.7625226,-117.2190952,431.933,-0.07,-0.01,0.01,3.509,3.083,0.27,10
$GNSS,2024-03-16T20:55:05.800Z,33.7625226,-117.2190958,431.870,0.00,-0.02,-0.01,3.507,3.078,0.51,10
$GNSS,2024-03-16T20:55:06.000Z,33.7625227,-117.2190965,431.799,0.02,-0.07,0.05,3.504,3.073,0.44,10
$GNSS,2024-03-16T20:55:06.200Z,33.7625228,-117.2190972,431.721,0.03,0.02,0.04,3.501,3.068,0.31,10
$GNSS,2024-03-16T20:55:06.400Z,33.7625228,-117.2190977,431.656,-0.04,-0.02,0.04,3.499,3.063,0.30,10
$GNSS,2024-03-16T20:55:06.600Z,33.7625229,-117.2190972,431.666,-0.06,-0.01,-0.07,3.495,3.057,0.25,10
$GNSS,2024-03-16T20:55:06.800Z,33.7625229,-117.2190973,431.646,-0.03,0.08,-0.07,3.490,3.048,0.40,10
$GNSS,2024-03-16T20:55:07.000Z,33.7625231,-117.2190971,431.631,0.07,0.11,-0.05,3.486,3.041,0.37,10
$GNSS,2024-03-16T20:55:07.200Z,33.7625231,-117.2190974,431.595,-0.04,0.09,-0.16,3.484,3.035,0.36,10
$GNSS,2024-03-16T20:55:07.400Z,33.7625232,-117.2190977,431.567,0.03,0.02,-0.05,3.481,3.029,0.32,10
$GNSS,2024-03-16T20:55:07.600Z,33.7625234,-117.2190977,431.547,0.07,0.07,-0.09,3.478,3.023,0.33,10
$GNSS,2024-03-16T20:55:07.800Z,33.7625236,-117.2190978,431.513,0.01,0.06,-0.02,3.474,3.017,0.45,10
$GNSS,2024-03-16T20:55:08.000Z,33.7625237,-117.2190980,431.475,0.00,0.05,-0.07,3.468,3.010,0.37,10
$GNSS,2024-03-16T20:55:08.200Z,33.7625237,-117.2190981,431.445,-0.02,-0.05,-0.03,3.463,3.003,0.35,10
$GNSS,2024-03-16T20:55:08.400Z,33.7625238,-117.2190983,431.418,-0.05,-0.11,0.01,3.458,2.995,0.39,10
$GNSS,2024-03-16T20:55:08.600Z,33.7625238,-117.2190987,431.373,-0.03,-0.09,0.04,3.454,2.989,0.38,10
$GNSS,2024-03-16T20:55:08.800Z,33.7625238,-117.2190988,431.344,-0.01,-0.11,-0.01,3.450,2.983,0.42,10
$GNSS,2024-03-16T20:55:09.000Z,33.7625239,-117.2190994,431.290,0.00,-0.07,0.05,3.446,2.977,0.38,10
$GNSS,2024-03-16T20:55:09.200Z,33.7625240,-117.2190996,431.253,0.03,-0.03,0.03,3.443,2.972,0.33,10
$GNSS,2024-03-16T20:55:09.400Z,33.7625240,-117.2191002,431.189,-0.04,-0.05,0.05,3.440,2.967,0.34,10
$GNSS,2024-03-16T20:55:09.600Z,33.7625241,-117.2191000,431.176,0.00,-0.08,0.01,3.437,2.962,0.41,10
$GNSS,2024-03-16T20:55:09.800Z,33.7625242,-117.2191001,431.155,-0.01,-0.11,-0.02,3.435,2.957,0.39,10
$GNSS,2024-03-16T20:55:10.000Z,33.7625243,-117.2191005,431.127,0.00,-0.12,-0.02,3.432,2.952,0.39,10
$GNSS,2024-03-16T20:55:10.200Z,33.7625243,-117.2191010,431.089,-0.02,-0.11,-0.02,3.429,2.948,0.38,10
$GNSS,2024-03-16T20:55:10.400Z,33.7625244,-117.2191010,431.077,-0.03,-0.09,-0.02,3.426,2.942,0.37,10
$GNSS,2024-03-16T20:55:10.600Z,33.7625245,-117.2191012,431.039,0.02,0.01,0.08,3.423,2.937,0.26,10
$GNSS,2024-03-16T20:55:10.800Z,33.7625245,-117.2191014,430.986,-0.01,-0.04,0.08,3.420,2.932,0.32,10
$GNSS,2024-03-16T20:55:11.000Z,33.7625245,-117.2191016,430.934,-0.04,0.00,0.06,3.418,2.927,0.28,10
$GNSS,2024-03-16T20:55:11.200Z,33.7625245,-117.2191023,430.871,-0.04,-0.08,0.00,3.417,2.923,0.40,10
$GNSS,2024-03-16T20:55:11.400Z,33.7625245,-117.2191027,430.826,-0.01,-0.10,0.05,3.416,2.918,0.44,10
$GNSS,2024-03-16T20:55:11.600Z,33.7625245,-117.2191031,430.779,0.01,-0.15,0.05,3.415,2.914,0.45,10
$GNSS,2024-03-16T20:55:11.800Z,33.7625246,-117.2191033,430.746,-0.06,-0.11,0.02,3.414,2.909,0.39,10
$GNSS,2024-03-16T20:55:12.000Z,33.7625246,-117.2191033,430.715,-0.04,-0.04,0.09,3.413,2.905,0.31,10
$GNSS,2024-03-16T20:55:12.200Z,33.7625245,-117.2191036,430.662,-0.05,-0.14,0.10,3.412,2.901,0.39,10
$GNSS,2024-03-16T20:55:12.400Z,33.7625245,-117.2191040,430.601,-0.06,-0.11,0.09,3.411,2.896,0.37,10
$GNSS,2024-03-16T20:55:12.600Z,33.7625246,-117.2191038,430.574,0.00,-0.17,0.12,3.410,2.892,0.41,10
$GNSS,2024-03-16T20:55:12.800Z,33.7625246,-117.2191038,430.539,-0.09,-0.20,0.16,3.409,2.887,0.38,10
$GNSS,2024-03-16T20:55:13.000Z,33.7625246,-117.2191037,430.512,-0.02,-0.23,0.09,3.407,2.883,0.42,10
$GNSS,2024-03-16T20:55:13.200Z,33.7625246,-117.2191042,430.471,-0.05,-0.30,0.07,3.406,2.878,0.42,10
$GNSS,2024-03-16T20:55:13.400Z,33.7625247,-117.2191043,430.442,-0.05,-0.23,0.11,3.404,2.874,0.41,10
$GNSS,2024-03-16T20:55:13.600Z,33.7625247,-117.2191048,430.392,0.00,-0.23,0.10,3.401,2.869,0.41,10
$GNSS,2024-03-16T20:55:13.800Z,33.7625248,-117.2191049,430.358,-0.01,-0.08,0.06,3.400,2.865,0.40,10
$GNSS,2024-03-16T20:55:14.000Z,33.7625248,-117.2191054,430.293,0.05,-0.03,0.06,3.398,2.862,0.31,10
$GNSS,2024-03-16T20:55:14.200Z,33.7625249,-117.2191057,430.246,0.04,-0.02,0.02,3.397,2.858,0.27,10
$GNSS,2024-03-16T20:55:14.400Z,33.7625249,-117.2191061,430.194,-0.01,-0.09,0.02,3.397,2.855,0.44,10
$GNSS,2024-03-16T20:55:14.600Z,33.7625250,-117.2191059,430.178,0.04,0.08,0.00,3.396,2.852,0.39,10
$GNSS,2024-03-16T20:55:14.800Z,33.7625251,-117.2191061,430.139,0.02,0.05,-0.05,3.395,2.849,0.39,10
$GNSS,2024-03-16T20:55:15.000Z,33.7625251,-117.2191064,430.093,0.03,0.09,-0.04,3.395,2.846,0.42,10
$GNSS,2024-03-16T20:55:15.200Z,33.7625252,-117.2191069,430.049,0.08,0.00,-0.08,3.395,2.844,0.26,10
$GNSS,2024-03-16T20:55:15.400Z,33.7625253,-117.2191070,430.031,-0.02,0.01,-0.08,3.396,2.841,0.33,10
$GNSS,2024-03-16T20:55:15.600Z,33.7625253,-117.2191071,430.004,0.00,0.05,-0.02,3.398,2.839,0.47,10
$GNSS,2024-03-16T20:55:15.800Z,33.7625253,-117.2191076,429.944,0.02,0.14,0.02,3.399,2.837,0.46,10
$GNSS,2024-03-16T20:55:16.000Z,33.7625254,-117.2191078,429.893,-0.02,0.05,0.02,3.399,2.834,0.43,10
$GNSS,2024-03-16T20:55:16.200Z,33.7625254,-117.2191078,429.869,0.03,-0.04,0.01,3.399,2.831,0.43,10
$GNSS,2024-03-16T20:55:16.400Z,33.7625255,-117.2191078,429.839,-0.01,0.02,0.01,3.398,2.826,0.45,10
$GNSS,2024-03-16T20:55:16.600Z,33.7625255,-117.2191085,429.771,0.02,0.00,0.04,3.399,2.823,0.27,10
$GNSS,2024-03-16T20:55:16.800Z,33.7625255,-117.2191089,429.733,-0.01,-0.12,-0.06,3.399,2.819,0.41,10
$GNSS,2024-03-16T20:55:17.000Z,33.7625255,-117.2191100,429.653,0.03,-0.03,0.07,3.399,2.815,0.32,10
$GNSS,2024-03-16T20:55:17.200Z,33.7625256,-117.2191103,429.598,0.03,-0.07,0.11,3.398,2.811,0.35,10
$GNSS,2024-03-16T20:55:17.400Z,33.7625256,-117.2191105,429.565,-0.06,-0.13,0.01,3.396,2.807,0.39,10
$GNSS,2024-03-16T20:55:17.600Z,33.7625257,-117.2191104,429.543,0.08,-0.07,0.09,3.393,2.802,0.30,10
$GNSS,2024-03-16T20:55:17.800Z,33.7625259,-117.2191105,429.507,0.13,-0.02,0.10,3.392,2.801,0.28,10
$GNSS,2024-03-16T20:55:18.000Z,33.7625259,-117.2191106,429.487,-0.18,-0.18,0.11,3.396,2.803,0.44,10
$GNSS,2024-03-16T20:55:18.200Z,33.7625259,-117.2191106,429.485,0.10,0.04,0.06,3.395,2.803,0.32,12
$GNSS,2024-03-16T20:55:18.400Z,33.7625261,-117.2191104,429.517,0.01,-0.15,0.00,3.393,2.802,0.47,12
$GNSS,2024-03-16T20:55:18.600Z,33.7625262,-117.2191101,429.562,0.02,-0.06,0.09,3.389,2.801,0.41,12
$GNSS,2024-03-16T20:55:18.800Z,33.7625261,-117.2191107,429.547,-0.11,-0.13,0.07,3.385,2.800,0.38,12
$GNSS,2024-03-16T20:55:19.000Z,33.7625260,-117.2191110,429.537,-0.03,0.03,0.05,3.386,2.804,0.24,12
$GNSS,2024-03-16T20:55:19.200Z,33.7625260,-117.2191110,429.535,-0.05,0.06,-0.01,3.391,2.808,0.32,12
$GNSS,2024-03-16T20:55:19.400Z,33.7625259,-117.2191110,429.520,-0.02,0.29,0.06,3.395,2.812,0.32,12
$GNSS,2024-03-16T20:55:19.600Z,33.7625258,-117.2191114,429.505,-0.08,-0.09,-0.08,3.394,2.813,0.33,12
$GNSS,2024-03-16T20:55:19.800Z,33.7625257,-117.2191111,429.567,0.01,-0.11,-0.06,3.394,2.814,0.30,12
$GNSS,2024-03-16T20:55:20.000Z,33.7625258,-117.2191110,429.596,0.03,0.01,0.06,3.397,2.819,0.40,12
$GNSS,2024-03-16T20:55:20.200Z,33.7625258,-117.2191105,429.635,-0.04,-0.07,0.10,3.402,2.825,0.43,12
$GNSS,2024-03-16T20:55:20.400Z,33.7625258,-117.2191104,429.656,0.01,-0.17,0.11,3.406,2.831,0.46,12
$GNSS,2024-03-16T20:55:20.600Z,33.7625259,-117.2191104,429.684,0.08,-0.24,0.11,3.411,2.838,0.45,12
$GNSS,2024-03-16T20:55:20.800Z,33.7625260,-117.2191099,429.759,-0.04,-0.25,0.14,3.412,2.840,0.46,12
$GNSS,2024-03-16T20:55:21.000Z,33.7625260,-117.2191091,429.842,0.07,-0.14,0.15,3.414,2.842,0.44,12
$GNSS,2024-03-16T20:55:21.200Z,33.7625261,-117.2191092,429.886,0.03,-0.29,0.00,3.416,2.846,0.39,12
$GNSS,2024-03-16T20:55:21.400Z,33.7625262,-117.2191092,429.957,0.07,-0.26,0.02,3.419,2.850,0.39,12
$GNSS,2024-03-16T20:55:21.600Z,33.7625263,-117.2191092,430.006,0.00,-0.27,0.07,3.422,2.852,0.44,12
$GNSS,2024-03-16T20:55:21.800Z,33.7625264,-117.2191088,430.066,0.04,-0.17,0.15,3.426,2.857,0.47,12
$GNSS,2024-03-16T20:55:22.000Z,33.7625265,-117.2191090,430.062,0.04,-0.22,0.18,3.433,2.864,0.48,12
$GNSS,2024-03-16T20:55:22.200Z,33.7625264,-117.2191084,430.138,-0.04,-0.31,0.16,3.440,2.872,0.48,12
$GNSS,2024-03-16T20:55:22.400Z,33.7625264,-117.2191087,430.137,0.04,-0.21,0.19,3.448,2.880,0.50,12
$GNSS,2024-03-16T20:55:22.600Z,33.7625265,-117.2191089,430.121,0.03,-0.27,0.20,3.456,2.890,0.51,12
$GNSS,2024-03-16T20:55:22.800Z,33.7625266,-117.2191093,430.087,0.03,-0.23,0.28,3.467,2.902,0.50,12
$GNSS,2024-03-16T20:55:23.000Z,33.7625267,-117.2191087,430.117,0.04,-0.19,0.30,3.476,2.916,0.50,12
$GNSS,2024-03-16T20:55:23.200Z,33.7625268,-117.2191081,430.158,0.07,-0.17,0.19,3.485,2.929,0.51,12
$GNSS,2024-03-16T20:55:23.400Z,33.7625270,-117.2191073,430.217,0.14,-0.08,0.23,3.489,2.938,0.45,12
$GNSS,2024-03-16T20:55:23.600Z,33.7625271,-117.2191069,430.262,-0.05,-0.15,0.14,3.491,2.945,0.49,12
$GNSS,2024-03-16T20:55:23.800Z,33.7625271,-117.2191054,430.401,0.08,-0.08,0.18,3.483,2.942,0.45,12
$GNSS,2024-03-16T20:55:24.000Z,33.7625272,-117.2191045,430.507,-0.04,-0.09,0.06,3.472,2.937,0.43,12
$GNSS,2024-03-16T20:55:24.200Z,33.7625272,-117.2191038,430.605,0.02,-0.16,0.05,3.464,2.933,0.46,12
$GNSS,2024-03-16T20:55:24.400Z,33.7625273,-117.2191031,430.676,-0.01,-0.02,0.11,3.461,2.934,0.41,12
$GNSS,2024-03-16T20:55:24.600Z,33.7625273,-117.2191019,430.810,-0.03,-0.13,0.03,3.458,2.932,0.46,12
$GNSS,2024-03-16T20:55:24.800Z,33.7625273,-117.2191011,430.915,-0.01,-0.08,0.01,3.455,2.930,0.46,12
$GNSS,2024-03-16T20:55:25.000Z,33.7625273,-117.2191006,430.995,-0.01,-0.08,0.02,3.452,2.927,0.45,12
$GNSS,2024-03-16T20:55:25.200Z,33.7625273,-117.2190999,431.094,-0.02,-0.09,-0.07,3.451,2.926,0.39,12
$GNSS,2024-03-16T20:55:25.400Z,33.7625273,-117.2190991,431.203,0.02,-0.05,0.01,3.449,2.923,0.42,12
$GNSS,2024-03-16T20:55:25.600Z,33.7625274,-117.2190982,431.299,0.01,0.04,0.01,3.445,2.920,0.41,12
$GNSS,2024-03-16T20:55:25.800Z,33.7625273,-117.2190979,431.341,-0.09,-0.10,0.03,3.444,2.918,0.38,12
$GNSS,2024-03-16T20:55:26.000Z,33.7625273,-117.2190976,431.387,0.00,-0.02,0.06,3.442,2.916,0.40,12
$GNSS,2024-03-16T20:55:26.200Z,33.7625274,-117.2190969,431.448,0.00,-0.06,0.10,3.439,2.913,0.41,12
$GNSS,2024-03-16T20:55:26.400Z,33.7625275,-117.2190964,431.507,0.01,-0.07,0.06,3.432,2.905,0.42,12
$GNSS,2024-03-16T20:55:26.600Z,33.7625275,-117.2190962,431.547,-0.04,-0.09,0.05,3.427,2.899,0.42,12
$GNSS,2024-03-16T20:55:26.800Z,33.7625275,-117.2190953,431.638,-0.02,-0.05,0.05,3.422,2.892,0.41,12
$GNSS,2024-03-16T20:55:27.000Z,33.7625276,-117.2190944,431.711,0.07,0.05,0.07,3.419,2.888,0.33,12
$GNSS,2024-03-16T20:55:27.200Z,33.7625278,-117.2190939,431.745,0.04,-0.01,0.07,3.418,2.886,0.35,12
$GNSS,2024-03-16T20:55:27.400Z,33.7625280,-117.2190939,431.764,0.04,-0.05,0.00,3.419,2.888,0.33,12
$GNSS,2024-03-16T20:55:27.600Z,33.7625281,-117.2190934,431.819,-0.05,-0.02,0.00,3.419,2.890,0.31,12
$GNSS,2024-03-16T20:55:27.800Z,33.7625282,-117.2190934,431.839,0.03,0.00,-0.01,3.420,2.891,0.23,12
$GNSS,2024-03-16T20:55:28.000Z,33.7625284,-117.2190930,431.876,0.05,0.04,0.04,3.419,2.893,0.38,12
$GNSS,2024-03-16T20:55:28.200Z,33.7625286,-117.2190932,431.863,0.02,0.02,0.05,3.417,2.894,0.37,12
$GNSS,2024-03-16T20:55:28.400Z,33.7625287,-117.2190931,431.897,-0.01,-0.06,-0.04,3.416,2.895,0.39,12
$GNSS,2024-03-16T20:55:28.600Z,33.7625287,-117.2190933,431.911,-0.07,-0.07,-0.02,3.416,2.896,0.39,12
$GNSS,2024-03-16T20:55:28.800Z,33.7625288,-117.2190935,431.921,-0.05,-0.01,0.01,3.415,2.896,0.29,12
$GNSS,2024-03-16T20:55:29.000Z,33.7625288,-117.2190936,431.938,-0.06,-0.05,0.00,3.414,2.896,0.37,12
$GNSS,2024-03-16T20:55:29.200Z,33.7625288,-117.2190934,431.971,-0.04,-0.03,0.02,3.414,2.896,0.38,12
$GNSS,2024-03-16T20:55:29.400Z,33.7625289,-117.2190935,431.989,-0.01,-0.07,-0.03,3.413,2.897,0.40,12
$GNSS,2024-03-16T20:55:29.600Z,33.7625291,-117.2190938,431.974,0.05,0.04,0.08,3.413,2.897,0.35,12
$GNSS,2024-03-16T20:55:29.800Z,33.7625293,-117.2190939,431.967,0.01,0.01,0.06,3.413,2.897,0.37,12
$GNSS,2024-03-16T20:55:30.000Z,33.7625297,-117.2190947,431.912,0.11,-0.10,0.08,3.409,2.896,0.37,12
$GNSS,2024-03-16T20:55:30.200Z,33.7625298,-117.2190945,431.956,-0.06,-0.17,0.05,3.414,2.904,0.46,12
$GNSS,2024-03-16T20:55:30.400Z,33.7625299,-117.2190948,431.901,-0.01,0.15,0.31,3.416,2.906,0.30,12
$GNSS,2024-03-16T20:55:30.600Z,33.7625299,-117.2190948,431.905,-0.03,-0.33,0.08,3.418,2.909,0.43,12
$GNSS,2024-03-16T20:55:30.800Z,33.7625300,-117.2190948,431.949,0.00,-0.18,0.12,3.421,2.911,0.47,12
$GNSS,2024-03-16T20:55:31.000Z,33.7625300,-117.2190949,431.967,-0.01,-0.19,0.15,3.423,2.914,0.47,12
$GNSS,2024-03-16T20:55:31.200Z,33.7625301,-117.2190949,431.987,0.01,-0.12,0.17,3.427,2.918,0.45,12
$GNSS,2024-03-16T20:55:31.400Z,33.7625301,-117.2190946,432.011,0.02,-0.09,0.17,3.430,2.921,0.44,12
$GNSS,2024-03-16T20:55:31.600Z,33.7625303,-117.2190946,432.006,0.10,-0.01,0.26,3.438,2.931,0.42,12
$GNSS,2024-03-16T20:55:31.800Z,33.7625305,-117.2190945,432.017,0.01,-0.31,0.21,3.440,2.934,0.46,12
$GNSS,2024-03-16T20:55:32.000Z,33.7625304,-117.2190943,432.110,-0.04,-0.36,-0.02,3.445,2.941,0.37,12
$GNSS,2024-03-16T20:55:32.200Z,33.7625305,-117.2190949,432.122,0.01,-0.30,0.12,3.451,2.949,0.45,12
$GNSS,2024-03-16T20:55:32.400Z,33.7625306,-117.2190940,432.234,0.13,-0.28,0.29,3.460,2.959,0.48,12
$GNSS,2024-03-16T20:55:32.600Z,33.7625308,-117.2190954,432.139,0.04,-0.42,0.29,3.464,2.965,0.49,12
$GNSS,2024-03-16T20:55:32.800Z,33.7625308,-117.2190960,432.107,-0.01,-0.16,0.34,3.468,2.970,0.46,12
$GNSS,2024-03-16T20:55:33.000Z,33.7625308,-117.2190960,432.124,0.00,-0.43,0.28,3.470,2.974,0.52,12
$GNSS,2024-03-16T20:55:33.200Z,33.7625309,-117.2190972,432.051,-0.01,-0.42,0.32,3.468,2.976,0.49,12
$GNSS,2024-03-16T20:55:33.400Z,33.7625309,-117.2190978,432.060,-0.01,-0.46,0.25,3.461,2.975,0.47,12
$GNSS,2024-03-16T20:55:33.600Z,33.7625311,-117.2190975,432.112,0.18,-0.26,0.39,3.453,2.974,0.45,12
$GNSS,2024-03-16T20:55:33.800Z,33.7625313,-117.2190958,432.262,0.01,-0.16,0.28,3.443,2.969,0.45,12
$GNSS,2024-03-16T20:55:34.000Z,33.7625313,-117.2190950,432.379,-0.13,-0.17,0.05,3.435,2.966,0.37,12
$GNSS,2024-03-16T20:55:34.200Z,33.7625314,-117.2190951,432.417,0.12,-0.21,0.05,3.431,2.966,0.43,12
$GNSS,2024-03-16T20:55:34.400Z,33.7625315,-117.2190941,432.553,-0.10,-0.10,-0.05,3.426,2.962,0.41,12
$GNSS,2024-03-16T20:55:34.600Z,33.7625315,-117.2190937,432.639,0.05,-0.06,-0.10,3.422,2.958,0.37,12
$GNSS,2024-03-16T20:55:34.800Z,33.7625316,-117.2190934,432.690,-0.03,0.01,-0.06,3.421,2.956,0.41,12
$GNSS,2024-03-16T20:55:35.000Z,33.7625316,-117.2190937,432.697,-0.01,-0.01,-0.10,3.427,2.965,0.46,11
$GNSS,2024-03-16T20:55:35.200Z,33.7625317,-117.2190933,432.748,0.05,-0.01,0.02,3.428,2.968,0.30,12
$GNSS,2024-03-16T20:55:35.400Z,33.7625318,-117.2190926,432.836,-0.02,0.13,-0.14,3.432,2.976,0.47,12
$GNSS,2024-03-16T20:55:35.600Z,33.7625316,-117.2190911,433.012,-0.13,0.00,-0.18,3.436,2.984,0.43,12
$GNSS,2024-03-16T20:55:35.800Z,33.7625314,-117.2190908,433.072,-0.05,0.12,-0.03,3.440,2.993,0.42,12
$GNSS,2024-03-16T20:55:36.000Z,33.7625313,-117.2190910,433.097,-0.06,0.03,-0.18,3.446,3.003,0.45,12
$GNSS,2024-03-16T20:55:36.200Z,33.7625313,-117.2190916,433.099,0.00,0.04,-0.15,3.452,3.015,0.48,12
$GNSS,2024-03-16T20:55:36.400Z,33.7625314,-117.2190926,433.028,0.05,0.15,0.06,3.455,3.026,0.43,12
$GNSS,2024-03-16T20:55:36.600Z,33.7625313,-117.2190932,433.010,-0.11,0.08,-0.13,3.457,3.035,0.45,12
$GNSS,2024-03-16T20:55:36.800Z,33.7625313,-117.2190946,432.918,-0.03,0.04,0.00,3.457,3.043,0.40,12
$GNSS,2024-03-16T20:55:37.000Z,33.7625313,-117.2190952,432.888,0.00,0.00,-0.05,3.459,3.047,0.41,12
$GNSS,2024-03-16T20:55:37.200Z,33.7625315,-117.2190952,432.900,0.10,0.01,0.05,3.457,3.046,0.30,12
$GNSS,2024-03-16T20:55:37.400Z,33.7625316,-117.2190950,432.948,-0.04,-0.07,0.01,3.451,3.040,0.44,12
$GNSS,2024-03-16T20:55:37.600Z,33.7625317,-117.2190955,432.928,0.00,-0.03,0.00,3.444,3.032,0.47,12
$GNSS,2024-03-16T20:55:37.800Z,33.7625318,-117.2190959,432.901,-0.04,0.03,0.10,3.436,3.024,0.29,12
$GNSS,2024-03-16T20:55:38.000Z,33.7625318,-117.2190957,432.928,0.03,-0.04,-0.03,3.434,3.023,0.31,12
$GNSS,2024-03-16T20:55:38.200Z,33.7625319,-117.2190952,432.999,0.00,-0.02,-0.12,3.431,3.023,0.38,12
$GNSS,2024-03-16T20:55:38.400Z,33.7625321,-117.2190948,433.052,-0.01,0.08,-0.01,3.426,3.020,0.44,12
$GNSS,2024-03-16T20:55:38.600Z,33.7625323,-117.2190945,433.050,0.06,0.25,0.01,3.421,3.018,0.43,12
$GNSS,2024-03-16T20:55:38.800Z,33.7625327,-117.2190944,433.024,0.04,0.12,-0.04,3.412,3.010,0.43,12
$GNSS,2024-03-16T20:55:39.000Z,33.7625328,-117.2190943,433.027,-0.08,0.03,-0.11,3.405,3.002,0.35,12
$GNSS,2024-03-16T20:55:39.200Z,33.7625330,-117.2190949,432.975,0.04,0.01,0.03,3.399,2.995,0.29,12
$GNSS,2024-03-16T20:55:39.400Z,33.7625333,-117.2190951,432.953,0.01,0.04,-0.02,3.396,2.994,0.42,12
$GNSS,2024-03-16T20:55:39.600Z,33.7625334,-117.2190959,432.885,-0.02,-0.05,0.00,3.391,2.990,0.41,12
$GNSS,2024-03-16T20:55:39.800Z,33.7625337,-117.2190965,432.844,0.11,-0.04,-0.01,3.389,2.988,0.21,12
$GNSS,2024-03-16T20:55:40.000Z,33.7625339,-117.2190968,432.840,-0.03,-0.17,-0.04,3.388,2.988,0.43,12
$GNSS,2024-03-16T20:55:40.200Z,33.7625341,-117.2190974,432.799,0.02,-0.06,0.05,3.384,2.984,0.42,12
$GNSS,2024-03-16T20:55:40.400Z,33.7625343,-117.2190974,432.791,0.01,-0.06,0.04,3.382,2.981,0.43,12
$GNSS,2024-03-16T20:55:40.600Z,33.7625345,-117.2190986,432.686,-0.04,-0.03,0.06,3.381,2.979,0.33,12
$GNSS,2024-03-16T20:55:40.800Z,33.7625346,-117.2190990,432.617,0.03,0.00,0.12,3.378,2.976,0.37,12
$GNSS,2024-03-16T20:55:41.000Z,33.7625348,-117.2190987,432.631,0.02,-0.17,0.04,3.380,2.979,0.45,12
$GNSS,2024-03-16T20:55:41.200Z,33.7625351,-117.2190985,432.657,0.07,-0.15,0.01,3.377,2.975,0.41,12
$GNSS,2024-03-16T20:55:41.400Z,33.7625353,-117.2190981,432.697,0.04,0.01,-0.06,3.374,2.972,0.30,12
$GNSS,2024-03-16T20:55:41.600Z,33.7625355,-117.2190980,432.713,0.01,0.00,-0.01,3.374,2.973,0.21,12
$GNSS,2024-03-16T20:55:41.800Z,33.7625357,-117.2190980,432.707,0.05,0.01,0.07,3.372,2.973,0.36,12
$GNSS,2024-03-16T20:55:42.000Z,33.7625358,-117.2190980,432.739,-0.05,-0.19,-0.08,3.370,2.974,0.43,12
$GNSS,2024-03-16T20:55:42.200Z,33.7625358,-117.2190988,432.689,-0.02,-0.13,0.08,3.366,2.972,0.45,12
$GNSS,2024-03-16T20:55:42.400Z,33.7625359,-117.2190988,432.709,-0.03,-0.19,-0.02,3.364,2.970,0.45,12
$GNSS,2024-03-16T20:55:42.600Z,33.7625360,-117.2190992,432.693,0.00,-0.13,0.03,3.360,2.967,0.45,12
$GNSS,2024-03-16T20:55:42.800Z,33.7625362,-117.2190995,432.671,0.05,-0.09,0.02,3.356,2.964,0.40,12
$GNSS,2024-03-16T20:55:43.000Z,33.7625364,-117.2190999,432.641,0.02,-0.13,0.07,3.353,2.961,0.44,12
$GNSS,2024-03-16T20:55:43.200Z,33.7625365,-117.2191003,432.609,-0.06,-0.13,0.03,3.348,2.954,0.42,12
$GNSS,2024-03-16T20:55:43.400Z,33.7625366,-117.2190996,432.680,0.01,-0.18,0.03,3.344,2.949,0.44,12
$GNSS,2024-03-16T20:55:43.600Z,33.7625367,-117.2190997,432.690,0.03,-0.10,0.03,3.342,2.948,0.41,12
$GNSS,2024-03-16T20:55:43.800Z,33.7625368,-117.2191000,432.674,-0.02,-0.06,0.07,3.340,2.948,0.40,12
$GNSS,2024-03-16T20:55:44.000Z,33.7625369,-117.2190999,432.677,-0.02,-0.02,0.06,3.339,2.948,0.35,12
$GNSS,2024-03-16T20:55:44.200Z,33.7625369,-117.2190996,432.700,0.00,-0.04,0.04,3.339,2.950,0.44,12
$GNSS,2024-03-16T20:55:44.400Z,33.7625369,-117.2190999,432.701,-0.06,-0.04,-0.06,3.340,2.954,0.38,12
$GNSS,2024-03-16T20:55:44.600Z,33.7625369,-117.2190995,432.746,-0.02,0.14,-0.09,3.342,2.959,0.45,12
$GNSS,2024-03-16T20:55:44.800Z,33.7625370,-117.2190993,432.767,0.04,0.05,-0.07,3.341,2.963,0.39,12
$GNSS,2024-03-16T20:55:45.000Z,33.7625371,-117.2190993,432.792,0.02,0.01,-0.08,3.340,2.968,0.38,12
$GNSS,2024-03-16T20:55:45.200Z,33.7625372,-117.2190993,432.779,-0.06,0.13,-0.02,3.338,2.969,0.41,12
$GNSS,2024-03-16T20:55:45.400Z,33.7625373,-117.2190995,432.744,-0.01,0.07,-0.01,3.328,2.960,0.43,12
$GNSS,2024-03-16T20:55:45.600Z,33.7625375,-117.2190990,432.766,0.02,-0.02,0.02,3.314,2.941,0.36,12
$GNSS,2024-03-16T20:55:45.800Z,33.7625377,-117.2190985,432.785,-0.03,0.04,0.01,3.306,2.927,0.33,12
$GNSS,2024-03-16T20:55:46.000Z,33.7625378,-117.2190980,432.790,-0.04,0.07,0.00,3.299,2.916,0.37,12
$GNSS,2024-03-16T20:55:46.200Z,33.7625379,-117.2190981,432.772,-0.03,-0.07,-0.05,3.296,2.910,0.38,12
$GNSS,2024-03-16T20:55:46.400Z,33.7625380,-117.2190984,432.764,-0.04,-0.09,-0.04,3.295,2.908,0.44,12
$GNSS,2024-03-16T20:55:46.600Z,33.7625381,-117.2190987,432.733,0.06,0.03,0.02,3.292,2.907,0.34,12
$GNSS,2024-03-16T20:55:46.800Z,33.7625383,-117.2190987,432.718,0.03,0.01,0.01,3.290,2.907,0.27,12
$GNSS,2024-03-16T20:55:47.000Z,33.7625384,-117.2190991,432.694,0.03,-0.11,0.02,3.288,2.908,0.40,12
$GNSS,2024-03-16T20:55:47.200Z,33.7625385,-117.2190990,432.714,0.03,-0.09,0.02,3.287,2.910,0.40,12
$GNSS,2024-03-16T20:55:47.400Z,33.7625387,-117.2190989,432.720,0.03,0.03,0.07,3.286,2.913,0.44,12
$GNSS,2024-03-16T20:55:47.600Z,33.7625388,-117.2190985,432.728,0.05,0.00,0.11,3.286,2.916,0.39,12
$GNSS,2024-03-16T20:55:47.800Z,33.7625390,-117.2190981,432.752,0.02,-0.09,-0.01,3.282,2.912,0.42,12
$GNSS,2024-03-16T20:55:48.000Z,33.7625391,-117.2190983,432.736,-0.02,-0.01,-0.02,3.279,2.909,0.34,12
$GNSS,2024-03-16T20:55:48.200Z,33.7625392,-117.2190988,432.680,0.03,-0.08,0.10,3.276,2.905,0.40,12
$GNSS,2024-03-16T20:55:48.400Z,33.7625394,-117.2190983,432.702,0.04,-0.07,0.14,3.271,2.900,0.38,12
$GNSS,2024-03-16T20:55:48.600Z,33.7625396,-117.2190978,432.709,0.01,0.05,0.10,3.264,2.894,0.30,12
$GNSS,2024-03-16T20:55:48.800Z,33.7625397,-117.2190975,432.690,-0.03,0.07,0.10,3.257,2.888,0.29,12
$GNSS,2024-03-16T20:55:49.000Z,33.7625398,-117.2190973,432.704,-0.01,-0.18,0.01,3.255,2.886,0.41,12
$GNSS,2024-03-16T20:55:49.200Z,33.7625400,-117.2190973,432.697,0.02,0.05,0.07,3.251,2.881,0.31,12
$GNSS,2024-03-16T20:55:49.400Z,33.7625402,-117.2190968,432.721,0.04,-0.04,0.00,3.247,2.877,0.29,12
$GNSS,2024-03-16T20:55:49.600Z,33.7625403,-117.2190974,432.655,-0.07,-0.01,0.11,3.244,2.873,0.28,12
$GNSS,2024-03-16T20:55:49.800Z,33.7625404,-117.2190975,432.616,0.05,-0.03,0.13,3.242,2.871,0.36,12
$GNSS,2024-03-16T20:55:50.000Z,33.7625405,-117.2190975,432.606,-0.01,-0.06,0.06,3.239,2.868,0.40,12
$GNSS,2024-03-16T20:55:50.200Z,33.7625406,-117.2190977,432.581,0.02,0.00,0.02,3.236,2.866,0.34,12
$GNSS,2024-03-16T20:55:50.400Z,33.7625406,-117.2190978,432.559,-0.04,0.02,0.08,3.233,2.865,0.30,12
$GNSS,2024-03-16T20:55:50.600Z,33.7625407,-117.2190980,432.523,0.02,-0.08,0.11,3.229,2.861,0.40,12
$GNSS,2024-03-16T20:55:50.800Z,33.7625409,-117.2190981,432.494,-0.03,-0.04,0.06,3.227,2.859,0.37,12
$GNSS,2024-03-16T20:55:51.000Z,33.7625410,-117.2190978,432.485,0.03,0.07,0.10,3.227,2.858,0.40,12
$GNSS,2024-03-16T20:55:51.200Z,33.7625411,-117.2190976,432.470,0.02,-0.07,0.16,3.227,2.859,0.39,12
$GNSS,2024-03-16T20:55:51.400Z,33.7625412,-117.2190977,432.453,0.05,-0.06,0.05,3.228,2.861,0.37,12
$GNSS,2024-03-16T20:55:51.600Z,33.7625414,-117.2190971,432.478,0.08,-0.01,0.10,3.228,2.863,0.33,12
$GNSS,2024-03-16T20:55:51.800Z,33.7625415,-117.2190967,432.498,0.06,-0.02,-0.01,3.225,2.861,0.21,12
$GNSS,2024-03-16T20:55:52.000Z,33.7625417,-117.2190964,432.503,-0.03,0.01,-0.02,3.225,2.861,0.27,12
$GNSS,2024-03-16T20:55:52.200Z,33.7625417,-117.2190961,432.510,-0.03,0.09,-0.09,3.223,2.858,0.41,12
$GNSS,2024-03-16T20:55:52.400Z,33.7625417,-117.2190960,432.534,-0.02,0.01,-0.24,3.223,2.860,0.38,12
$GNSS,2024-03-16T20:55:52.600Z,33.7625418,-117.2190961,432.519,0.01,0.18,-0.07,3.224,2.862,0.43,12
$GNSS,2024-03-16T20:55:52.800Z,33.7625419,-117.2190958,432.511,-0.01,0.20,-0.14,3.224,2.863,0.44,12
$GNSS,2024-03-16T20:55:53.000Z,33.7625420,-117.2190953,432.533,-0.03,0.16,-0.13,3.224,2.863,0.43,12
$GNSS,2024-03-16T20:55:53.200Z,33.7625421,-117.2190952,432.531,-0.02,0.04,-0.13,3.222,2.862,0.39,12
$GNSS,2024-03-16T20:55:53.400Z,33.7625422,-117.2190946,432.555,0.01,0.13,-0.06,3.221,2.861,0.44,12
$GNSS,2024-03-16T20:55:53.600Z,33.7625423,-117.2190940,432.568,-0.02,0.12,0.00,3.219,2.857,0.43,12
$GNSS,2024-03-16T20:55:53.800Z,33.7625424,-117.2190941,432.539,0.01,-0.03,-0.05,3.217,2.854,0.35,12
$GNSS,2024-03-16T20:55:54.000Z,33.7625426,-117.2190945,432.482,0.00,0.05,0.01,3.214,2.848,0.43,12
$GNSS,2024-03-16T20:55:54.200Z,33.7625427,-117.2190946,432.456,-0.02,-0.08,-0.03,3.210,2.842,0.36,12
$GNSS,2024-03-16T20:55:54.400Z,33.7625428,-117.2190945,432.454,0.05,-0.02,0.00,3.208,2.840,0.20,12
$GNSS,2024-03-16T20:55:54.600Z,33.7625430,-117.2190941,432.450,0.05,0.13,0.07,3.207,2.839,0.35,12
$GNSS,2024-03-16T20:55:54.800Z,33.7625431,-117.2190933,432.471,-0.01,0.06,0.00,3.206,2.838,0.41,12
$GNSS,2024-03-16T20:55:55.000Z,33.7625432,-117.2190933,432.459,-0.01,0.02,-0.01,3.204,2.836,0.41,12
$GNSS,2024-03-16T20:55:55.200Z,33.7625433,-117.2190932,432.436,0.03,0.06,0.09,3.203,2.836,0.37,12
$GNSS,2024-03-16T20:55:55.400Z,33.7625434,-117.2190935,432.390,0.02,0.00,0.03,3.202,2.837,0.35,12
$GNSS,2024-03-16T20:55:55.600Z,33.7625435,-117.2190934,432.388,0.07,-0.03,0.06,3.203,2.840,0.34,12
$GNSS,2024-03-16T20:55:55.800Z,33.7625435,-117.2190932,432.398,0.00,-0.01,0.08,3.204,2.844,0.39,12
$GNSS,2024-03-16T20:55:56.000Z,33.7625436,-117.2190933,432.392,0.04,-0.16,0.05,3.203,2.845,0.43,12
$GNSS,2024-03-16T20:55:56.200Z,33.7625437,-117.2190932,432.376,0.04,0.07,0.12,3.201,2.844,0.38,12
$GNSS,2024-03-16T20:55:56.400Z,33.7625438,-117.2190928,432.385,-0.03,-0.04,0.08,3.200,2.843,0.36,12
$GNSS,2024-03-16T20:55:56.600Z,33.7625437,-117.2190930,432.354,-0.03,-0.06,0.06,3.199,2.844,0.39,12
$GNSS,2024-03-16T20:55:56.800Z,33.7625437,-117.2190930,432.329,-0.03,0.04,0.12,3.197,2.843,0.34,12
$GNSS,2024-03-16T20:55:57.000Z,33.7625437,-117.2190930,432.309,-0.06,-0.11,0.08,3.194,2.841,0.39,12
$GNSS,2024-03-16T20:55:57.200Z,33.7625437,-117.2190930,432.280,-0.04,-0.04,0.10,3.191,2.839,0.36,12
$GNSS,2024-03-16T20:55:57.400Z,33.7625437,-117.2190928,432.255,0.02,0.07,0.13,3.189,2.837,0.31,12
$GNSS,2024-03-16T20:55:57.600Z,33.7625439,-117.2190928,432.206,0.05,-0.06,0.16,3.187,2.837,0.38,12
$GNSS,2024-03-16T20:55:57.800Z,33.7625440,-117.2190933,432.147,0.00,-0.09,0.10,3.186,2.838,0.41,12
$GNSS,2024-03-16T20:55:58.000Z,33.7625440,-117.2190937,432.102,0.04,-0.13,0.06,3.184,2.838,0.42,12
$GNSS,2024-03-16T20:55:58.200Z,33.7625440,-117.2190942,432.067,-0.08,-0.16,0.01,3.182,2.837,0.40,12
$GNSS,2024-03-16T20:55:58.400Z,33.7625440,-117.2190943,432.068,-0.01,-0.17,0.04,3.178,2.834,0.43,12
$GNSS,2024-03-16T20:55:58.600Z,33.7625440,-117.2190946,432.041,-0.06,-0.14,0.07,3.175,2.830,0.41,12
$GNSS,2024-03-16T20:55:58.800Z,33.7625440,-117.2190946,432.044,0.04,-0.22,0.08,3.170,2.824,0.47,12
$GNSS,2024-03-16T20:55:59.000Z,33.7625440,-117.2190945,432.038,-0.02,-0.04,0.09,3.166,2.818,0.34,12
$GNSS,2024-03-16T20:55:59.200Z,33.7625440,-117.2190950,431.978,-0.12,-0.07,0.06,3.161,2.812,0.26,12
$GNSS,2024-03-16T20:55:59.400Z,33.7625440,-117.2190947,431.986,0.02,-0.07,0.02,3.152,2.804,0.38,12
$GNSS,2024-03-16T20:55:59.600Z,33.7625440,-117.2190946,431.992,-0.03,-0.11,-0.01,3.144,2.796,0.38,12
$GNSS,2024-03-16T20:55:59.800Z,33.7625440,-117.2190954,431.923,0.00,-0.06,0.01,3.140,2.791,0.43,12
$GNSS,2024-03-16T20:56:00.000Z,33.7625442,-117.2190959,431.871,0.11,-0.16,0.10,3.135,2.786,0.42,12
$GNSS,2024-03-16T20:56:00.200Z,33.7625444,-117.2190968,431.797,0.04,-0.21,0.10,3.130,2.780,0.43,12
$GNSS,2024-03-16T20:56:00.400Z,33.7625445,-117.2190966,431.795,0.06,-0.05,0.08,3.126,2.775,0.35,12
$GNSS,2024-03-16T20:56:00.600Z,33.7625446,-117.2190970,431.726,-0.04,-0.07,0.15,3.120,2.769,0.33,12
$GNSS,2024-03-16T20:56:00.800Z,33.7625447,-117.2190978,431.634,0.08,-0.15,0.19,3.114,2.763,0.36,12
$GNSS,2024-03-16T20:56:01.000Z,33.7625448,-117.2190982,431.574,-0.04,-0.18,0.09,3.111,2.759,0.41,12
$GNSS,2024-03-16T20:56:01.200Z,33.7625448,-117.2190983,431.587,0.00,-0.35,-0.04,3.105,2.753,0.43,12
$GNSS,2024-03-16T20:56:01.400Z,33.7625448,-117.2190983,431.600,-0.06,-0.08,0.05,3.100,2.745,0.34,12
$GNSS,2024-03-16T20:56:01.600Z,33.7625449,-117.2190982,431.594,0.07,-0.12,-0.02,3.094,2.736,0.41,12
$GNSS,2024-03-16T20:56:01.800Z,33.7625451,-117.2190984,431.572,0.04,-0.07,0.00,3.089,2.729,0.41,12
$GNSS,2024-03-16T20:56:02.000Z,33.7625451,-117.2190990,431.514,-0.07,0.01,-0.02,3.086,2.724,0.25,12
$GNSS,2024-03-16T20:56:02.200Z,33.7625451,-117.2191002,431.413,0.08,-0.07,0.03,3.082,2.719,0.29,12
$GNSS,2024-03-16T20:56:02.400Z,33.7625453,-117.2191007,431.348,0.07,-0.03,0.07,3.079,2.715,0.30,12
$GNSS,2024-03-16T20:56:02.600Z,33.7625454,-117.2191008,431.313,-0.08,-0.01,0.04,3.076,2.712,0.21,12
$GNSS,2024-03-16T20:56:02.800Z,33.7625453,-117.2191009,431.275,-0.03,-0.02,0.10,3.074,2.710,0.32,12
$GNSS,2024-03-16T20:56:03.000Z,33.7625454,-117.2191011,431.238,0.07,-0.21,0.08,3.071,2.707,0.38,12
$GNSS,2024-03-16T20:56:03.200Z,33.7625457,-117.2191013,431.198,0.16,-0.15,0.20,3.069,2.705,0.35,12
$GNSS,2024-03-16T20:56:03.400Z,33.7625459,-117.2191013,431.166,-0.01,-0.16,0.12,3.067,2.702,0.42,12
$GNSS,2024-03-16T20:56:03.600Z,33.7625460,-117.2191015,431.119,-0.03,-0.05,0.13,3.064,2.700,0.35,12
$GNSS,2024-03-16T20:56:03.800Z,33.7625460,-117.2191015,431.065,0.04,0.04,0.15,3.059,2.695,0.33,12
$GNSS,2024-03-16T20:56:04.000Z,33.7625462,-117.2191013,431.053,0.05,-0.09,-0.01,3.054,2.692,0.36,12
$GNSS,2024-03-16T20:56:04.200Z,33.7625463,-117.2191010,431.055,-0.01,0.12,0.00,3.046,2.688,0.38,12
$GNSS,2024-03-16T20:56:04.400Z,33.7625464,-117.2191008,431.036,0.02,0.08,-0.05,3.038,2.684,0.38,12
$GNSS,2024-03-16T20:56:04.600Z,33.7625464,-117.2191008,431.012,-0.04,0.18,-0.10,3.032,2.680,0.39,12
$GNSS,2024-03-16T20:56:04.800Z,33.7625464,-117.2191005,431.010,-0.02,0.17,-0.12,3.025,2.676,0.39,12
$GNSS,2024-03-16T20:56:05.000Z,33.7625465,-117.2191006,430.984,-0.01,0.07,-0.12,3.019,2.672,0.36,12
$GNSS,2024-03-16T20:56:05.200Z,33.7625466,-117.2191009,430.936,-0.01,0.14,-0.06,3.015,2.669,0.42,12
$GNSS,2024-03-16T20:56:05.400Z,33.7625466,-117.2191008,430.938,-0.02,0.03,-0.18,3.011,2.665,0.33,12
$GNSS,2024-03-16T20:56:05.600Z,33.7625466,-117.2191008,430.926,-0.03,0.14,-0.08,3.006,2.660,0.41,12
$GNSS,2024-03-16T20:56:05.800Z,33.7625466,-117.2191008,430.885,0.01,0.15,0.00,3.000,2.653,0.42,12
$GNSS,2024-03-16T20:56:06.000Z,33.7625467,-117.2191005,430.882,-0.03,0.08,-0.16,2.995,2.647,0.33,12
$GNSS,2024-03-16T20:56:06.200Z,33.7625467,-117.2191006,430.865,-0.07,0.16,-0.08,2.988,2.640,0.39,12
$GNSS,2024-03-16T20:56:06.400Z,33.7625466,-117.2191007,430.834,-0.05,0.09,-0.05,2.985,2.638,0.38,12
$GNSS,2024-03-16T20:56:06.600Z,33.7625467,-117.2191007,430.821,0.06,-0.05,-0.02,2.982,2.637,0.32,12
$GNSS,2024-03-16T20:56:06.800Z,33.7625467,-117.2191008,430.806,0.00,0.02,-0.03,2.979,2.637,0.37,12
$GNSS,2024-03-16T20:56:07.000Z,33.7625467,-117.2191012,430.761,-0.04,-0.03,0.02,2.976,2.637,0.28,12
$GNSS,2024-03-16T20:56:07.200Z,33.7625467,-117.2191014,430.737,0.00,-0.01,0.03,2.973,2.636,0.32,12
$GNSS,2024-03-16T20:56:07.400Z,33.7625468,-117.2191013,430.733,0.05,-0.01,0.05,2.969,2.635,0.31,12
$GNSS,2024-03-16T20:56:07.600Z,33.7625468,-117.2191013,430.725,0.02,-0.05,0.03,2.966,2.633,0.39,12
$GNSS,2024-03-16T20:56:07.800Z,33.7625469,-117.2191014,430.701,0.07,-0.02,0.04,2.961,2.630,0.26,12
$GNSS,2024-03-16T20:56:08.000Z,33.7625470,-117.2191018,430.665,-0.01,-0.05,0.02,2.958,2.627,0.39,12
$GNSS,2024-03-16T20:56:08.200Z,33.7625470,-117.2191022,430.617,-0.03,-0.05,0.05,2.954,2.624,0.35,12
$GNSS,2024-03-16T20:56:08.400Z,33.7625470,-117.2191027,430.572,0.06,-0.05,0.02,2.948,2.617,0.33,12
$GNSS,2024-03-16T20:56:08.600Z,33.7625471,-117.2191025,430.574,0.00,-0.01,0.07,2.943,2.609,0.31,12
$GNSS,2024-03-16T20:56:08.800Z,33.7625471,-117.2191023,430.582,-0.02,-0.03,-0.03,2.938,2.603,0.30,12
$GNSS,2024-03-16T20:56:09.000Z,33.7625471,-117.2191022,430.584,0.03,-0.04,0.03,2.933,2.596,0.35,12
$GNSS,2024-03-16T20:56:09.200Z,33.7625472,-117.2191021,430.579,0.00,-0.04,0.00,2.929,2.590,0.39,12
$GNSS,2024-03-16T20:56:09.400Z,33.7625472,-117.2191021,430.574,-0.04,-0.07,0.03,2.923,2.582,0.35,12
$GNSS,2024-03-16T20:56:09.600Z,33.7625472,-117.2191023,430.560,0.02,-0.07,-0.03,2.917,2.574,0.36,12
$GNSS,2024-03-16T20:56:09.800Z,33.7625472,-117.2191021,430.577,-0.01,-0.01,-0.03,2.914,2.568,0.28,12
$GNSS,2024-03-16T20:56:10.000Z,33.7625473,-117.2191022,430.569,0.00,-0.08,0.03,2.912,2.564,0.37,12
$GNSS,2024-03-16T20:56:10.200Z,33.7625474,-117.2191020,430.588,0.03,-0.10,0.03,2.909,2.560,0.38,12
$GNSS,2024-03-16T20:56:10.400Z,33.7625474,-117.2191018,430.602,0.00,-0.08,0.06,2.907,2.557,0.38,12
$GNSS,2024-03-16T20:56:10.600Z,33.7625475,-117.2191017,430.615,-0.03,-0.13,0.00,2.905,2.554,0.38,12
$GNSS,2024-03-16T20:56:10.800Z,33.7625475,-117.2191016,430.633,-0.01,-0.12,0.06,2.901,2.550,0.39,12
$GNSS,2024-03-16T20:56:11.000Z,33.7625475,-117.2191010,430.693,-0.04,-0.20,0.04,2.895,2.543,0.38,12
$GNSS,2024-03-16T20:56:11.200Z,33.7625475,-117.2191010,430.703,-0.05,-0.13,0.08,2.888,2.535,0.35,12
$GNSS,2024-03-16T20:56:11.400Z,33.7625475,-117.2191007,430.728,-0.03,-0.09,0.03,2.881,2.527,0.35,12
$GNSS,2024-03-16T20:56:11.600Z,33.7625475,-117.2191009,430.718,0.03,-0.10,0.05,2.874,2.519,0.35,12
$GNSS,2024-03-16T20:56:11.800Z,33.7625475,-117.2191008,430.728,-0.05,-0.02,-0.01,2.869,2.512,0.21,12
$GNSS,2024-03-16T20:56:12.000Z,33.7625476,-117.2191003,430.764,-0.01,0.07,0.00,2.863,2.505,0.37,12
$GNSS,2024-03-16T20:56:12.200Z,33.7625476,-117.2191000,430.780,-0.04,0.04,-0.02,2.858,2.498,0.31,11
$GNSS,2024-03-16T20:56:12.400Z,33.7625475,-117.2190997,430.793,-0.04,0.05,-0.03,2.852,2.490,0.36,11
$GNSS,2024-03-16T20:56:12.600Z,33.7625475,-117.2190995,430.811,-0.02,0.04,-0.06,2.847,2.483,0.33,11
$GNSS,2024-03-16T20:56:12.800Z,33.7625475,-117.2190995,430.808,0.01,0.00,0.05,2.842,2.477,0.29,11
$GNSS,2024-03-16T20:56:13.000Z,33.7625476,-117.2190993,430.833,-0.01,-0.02,-0.10,2.838,2.471,0.34,11
$GNSS,2024-03-16T20:56:13.200Z,33.7625476,-117.2190991,430.858,-0.03,-0.01,-0.05,2.836,2.468,0.33,11
$GNSS,2024-03-16T20:56:13.400Z,33.7625475,-117.2190994,430.872,-0.01,-0.01,0.00,2.834,2.464,0.28,12
$GNSS,2024-03-16T20:56:13.600Z,33.7625474,-117.2190994,430.899,-0.01,-0.06,0.00,2.831,2.458,0.42,12
$GNSS,2024-03-16T20:56:13.800Z,33.7625473,-117.2190996,430.900,-0.05,0.07,0.05,2.827,2.452,0.37,12
$GNSS,2024-03-16T20:56:14.000Z,33.7625473,-117.2190990,430.957,-0.04,-0.03,-0.03,2.823,2.445,0.26,12
$GNSS,2024-03-16T20:56:14.200Z,33.7625472,-117.2190993,430.969,0.01,-0.06,0.01,2.821,2.440,0.42,12
$GNSS,2024-03-16T20:56:14.400Z,33.7625471,-117.2190991,431.003,-0.05,0.00,0.01,2.818,2.434,0.21,12
$GNSS,2024-03-16T20:56:14.600Z,33.7625471,-117.2190992,431.018,0.00,-0.01,0.01,2.814,2.428,0.35,12
$GNSS,2024-03-16T20:56:14.800Z,33.7625470,-117.2190990,431.063,-0.02,-0.09,-0.02,2.810,2.422,0.38,12
$GNSS,2024-03-16T20:56:15.000Z,33.7625470,-117.2190989,431.106,-0.02,-0.01,-0.06,2.805,2.416,0.26,12
$GNSS,2024-03-16T20:56:15.200Z,33.7625470,-117.2190987,431.151,0.02,-0.10,-0.04,2.800,2.410,0.35,12
$GNSS,2024-03-16T20:56:15.400Z,33.7625470,-117.2190988,431.177,-0.02,0.03,0.00,2.796,2.405,0.34,12
$GNSS,2024-03-16T20:56:15.600Z,33.7625469,-117.2190988,431.195,0.03,-0.03,0.05,2.791,2.400,0.32,12
$GNSS,2024-03-16T20:56:15.800Z,33.7625470,-117.2190987,431.216,0.03,0.03,0.03,2.787,2.396,0.29,12
$GNSS,2024-03-16T20:56:16.000Z,33.7625470,-117.2190980,431.270,-0.01,0.03,-0.01,2.783,2.391,0.38,12
$GNSS,2024-03-16T20:56:16.200Z,33.7625470,-117.2190975,431.312,-0.06,0.04,0.00,2.780,2.387,0.30,12
$GNSS,2024-03-16T20:56:16.400Z,33.7625469,-117.2190969,431.357,0.02,0.09,-0.02,2.775,2.382,0.39,12
$GNSS,2024-03-16T20:56:16.600Z,33.7625469,-117.2190963,431.400,-0.06,0.03,-0.01,2.772,2.377,0.32,12
$GNSS,2024-03-16T20:56:16.800Z,33.7625468,-117.2190960,431.424,-0.02,0.03,-0.03,2.768,2.371,0.33,12
$GNSS,2024-03-16T20:56:17.000Z,33.7625468,-117.2190957,431.462,0.05,-0.06,-0.05,2.762,2.365,0.35,12
$GNSS,2024-03-16T20:56:17.200Z,33.7625468,-117.2190959,431.476,0.00,-0.12,0.02,2.755,2.360,0.40,12
$GNSS,2024-03-16T20:56:17.400Z,33.7625467,-117.2190958,431.505,-0.05,-0.05,-0.05,2.752,2.355,0.27,12
$GNSS,2024-03-16T20:56:17.600Z,33.7625467,-117.2190954,431.543,0.03,-0.04,0.02,2.749,2.351,0.38,11
$GNSS,2024-03-16T20:56:17.800Z,33.7625467,-117.2190950,431.572,0.00,-0.05,0.06,2.747,2.347,0.35,11
$GNSS,2024-03-16T20:56:18.000Z,33.7625467,-117.2190948,431.585,-0.02,-0.06,0.06,2.744,2.343,0.33,11
$GNSS,2024-03-16T20:56:18.200Z,33.7625467,-117.2190943,431.620,0.00,-0.05,0.03,2.742,2.339,0.39,11
$GNSS,2024-03-16T20:56:18.400Z,33.7625467,-117.2190939,431.657,-0.02,-0.03,-0.01,2.740,2.334,0.32,11
$GNSS,2024-03-16T20:56:18.600Z,33.7625467,-117.2190935,431.694,0.04,-0.05,0.03,2.737,2.329,0.36,11
$GNSS,2024-03-16T20:56:18.800Z,33.7625467,-117.2190932,431.718,-0.03,-0.02,0.07,2.736,2.325,0.27,11
$GNSS,2024-03-16T20:56:19.000Z,33.7625467,-117.2190926,431.756,-0.02,0.03,0.03,2.735,2.321,0.37,11
$GNSS,2024-03-16T20:56:19.200Z,33.7625467,-117.2190918,431.810,0.00,-0.01,-0.01,2.733,2.317,0.34,11
$GNSS,2024-03-16T20:56:19.400Z,33.7625466,-117.2190915,431.843,-0.02,-0.07,0.02,2.730,2.312,0.38,12
$GNSS,2024-03-16T20:56:19.600Z,33.7625466,-117.2190909,431.893,-0.02,-0.10,0.02,2.727,2.308,0.37,12
$GNSS,2024-03-16T20:56:19.800Z,33.7625465,-117.2190908,431.922,0.00,-0.07,0.00,2.723,2.303,0.39,12
$GNSS,2024-03-16T20:56:20.000Z,33.7625465,-117.2190903,431.966,-0.03,-0.06,0.01,2.720,2.299,0.35,12
$GNSS,2024-03-16T20:56:20.200Z,33.7625464,-117.2190900,432.000,-0.06,-0.05,0.01,2.717,2.294,0.24,12
$GNSS,2024-03-16T20:56:20.400Z,33.7625463,-117.2190895,432.035,0.03,0.07,0.01,2.715,2.291,0.36,12
$GNSS,2024-03-16T20:56:20.600Z,33.7625463,-117.2190889,432.068,0.00,0.03,0.06,2.712,2.287,0.31,12
$GNSS,2024-03-16T20:56:20.800Z,33.7625463,-117.2190888,432.081,0.03,0.07,0.01,2.710,2.284,0.37,12
$GNSS,2024-03-16T20:56:21.000Z,33.7625463,-117.2190885,432.114,-0.03,0.01,-0.04,2.708,2.281,0.29,12
$GNSS,2024-03-16T20:56:21.200Z,33.7625462,-117.2190885,432.129,0.02,0.06,-0.06,2.704,2.277,0.33,12
$GNSS,2024-03-16T20:56:21.400Z,33.7625462,-117.2190886,432.145,0.02,-0.02,-0.03,2.701,2.273,0.28,12
$GNSS,2024-03-16T20:56:21.600Z,33.7625462,-117.2190882,432.193,-0.01,-0.03,-0.06,2.697,2.269,0.28,12
$GNSS,2024-03-16T20:56:21.800Z,33.7625461,-117.2190879,432.233,-0.03,0.06,-0.04,2.694,2.266,0.35,12
$GNSS,2024-03-16T20:56:22.000Z,33.7625461,-117.2190874,432.282,-0.01,0.03,-0.06,2.692,2.262,0.29,12
$GNSS,2024-03-16T20:56:22.200Z,33.7625460,-117.2190869,432.341,0.00,-0.02,-0.13,2.691,2.259,0.26,12
$GNSS,2024-03-16T20:56:22.400Z,33.7625460,-117.2190865,432.392,0.01,0.08,-0.06,2.689,2.256,0.35,12
$GNSS,2024-03-16T20:56:22.600Z,33.7625459,-117.2190865,432.388,0.02,0.10,0.07,2.687,2.253,0.33,12
$GNSS,2024-03-16T20:56:22.800Z,33.7625459,-117.2190859,432.433,-0.01,0.01,-0.07,2.684,2.250,0.27,12
$GNSS,2024-03-16T20:56:23.000Z,33.7625458,-117.2190856,432.478,-0.05,-0.10,-0.04,2.681,2.247,0.33,12
$GNSS,2024-03-16T20:56:23.200Z,33.7625457,-117.2190856,432.498,-0.02,0.02,0.00,2.678,2.245,0.30,12
$GNSS,2024-03-16T20:56:23.400Z,33.7625457,-117.2190853,432.529,0.03,0.01,-0.04,2.675,2.242,0.25,12
$GNSS,2024-03-16T20:56:23.600Z,33.7625456,-117.2190852,432.546,0.00,-0.05,-0.01,2.672,2.239,0.36,12
$GNSS,2024-03-16T20:56:23.800Z,33.7625455,-117.2190849,432.574,-0.02,0.06,-0.02,2.669,2.237,0.36,12
$GNSS,2024-03-16T20:56:24.000Z,33.7625454,-117.2190849,432.574,0.00,0.00,0.04,2.667,2.235,0.25,12
$GNSS,2024-03-16T20:56:24.200Z,33.7625453,-117.2190850,432.579,-0.03,-0.05,0.02,2.664,2.233,0.31,12
$GNSS,2024-03-16T20:56:24.400Z,33.7625452,-117.2190850,432.590,-0.01,-0.08,0.01,2.662,2.231,0.35,12
$GNSS,2024-03-16T20:56:24.600Z,33.7625451,-117.2190849,432.605,-0.02,0.01,0.04,2.660,2.230,0.25,12
$GNSS,2024-03-16T20:56:24.800Z,33.7625450,-117.2190849,432.612,0.03,-0.05,0.03,2.659,2.229,0.32,12
$GNSS,2024-03-16T20:56:25.000Z,33.7625450,-117.2190848,432.622,0.04,-0.04,0.09,2.658,2.229,0.31,12
$GNSS,2024-03-16T20:56:25.200Z,33.7625449,-117.2190851,432.600,0.01,0.02,0.08,2.656,2.227,0.26,12
$GNSS,2024-03-16T20:56:25.400Z,33.7625448,-117.2190847,432.632,-0.03,-0.10,0.00,2.655,2.225,0.35,12
$GNSS,2024-03-16T20:56:25.600Z,33.7625447,-117.2190847,432.650,-0.01,-0.08,0.06,2.654,2.223,0.35,12
$GNSS,2024-03-16T20:56:25.800Z,33.7625446,-117.2190848,432.655,-0.02,-0.06,0.10,2.653,2.222,0.31,12
$GNSS,2024-03-16T20:56:26.000Z,33.7625445,-117.2190847,432.666,0.03,-0.10,0.04,2.653,2.220,0.38,12
$GNSS,2024-03-16T20:56:26.200Z,33.7625445,-117.2190849,432.674,0.02,-0.12,0.04,2.652,2.218,0.37,12
$GNSS,2024-03-16T20:56:26.400Z,33.7625444,-117.2190849,432.696,0.00,-0.10,0.05,2.653,2.218,0.37,12
$GNSS,2024-03-16T20:56:26.600Z,33.7625443,-117.2190845,432.735,-0.06,-0.06,0.03,2.654,2.218,0.30,12
$GNSS,2024-03-16T20:56:26.800Z,33.7625442,-117.2190844,432.770,0.00,-0.13,0.03,2.655,2.219,0.39,12
$GNSS,2024-03-16T20:56:27.000Z,33.7625441,-117.2190843,432.797,0.02,-0.04,0.05,2.656,2.220,0.36,12
$GNSS,2024-03-16T20:56:27.200Z,33.7625441,-117.2190840,432.830,0.05,-0.04,0.05,2.657,2.221,0.34,12
$GNSS,2024-03-16T20:56:27.400Z,33.7625440,-117.2190835,432.876,-0.01,0.01,0.05,2.657,2.221,0.31,12
$GNSS,2024-03-16T20:56:27.600Z,33.7625439,-117.2190832,432.912,-0.02,-0.09,0.03,2.658,2.221,0.39,12
$GNSS,2024-03-16T20:56:27.800Z,33.7625438,-117.2190830,432.958,0.01,-0.09,0.07,2.658,2.221,0.38,12
$GNSS,2024-03-16T20:56:28.000Z,33.7625437,-117.2190828,433.000,0.00,-0.12,0.04,2.658,2.221,0.39,12
$GNSS,2024-03-16T20:56:28.200Z,33.7625435,-117.2190826,433.048,-0.04,-0.09,0.04,2.658,2.221,0.37,12
$GNSS,2024-03-16T20:56:28.400Z,33.7625433,-117.2190826,433.085,-0.03,-0.11,0.03,2.657,2.221,0.39,12
$GNSS,2024-03-16T20:56:28.600Z,33.7625431,-117.2190825,433.142,-0.06,-0.17,0.00,2.658,2.220,0.40,12
$GNSS,2024-03-16T20:56:28.800Z,33.7625429,-117.2190821,433.208,-0.05,-0.06,0.03,2.658,2.219,0.33,12
$GNSS,2024-03-16T20:56:29.000Z,33.7625428,-117.2190819,433.253,-0.04,-0.10,-0.01,2.660,2.220,0.41,12
$GNSS,2024-03-16T20:56:29.200Z,33.7625426,-117.2190817,433.288,0.01,0.05,0.06,2.663,2.221,0.39,12
$GNSS,2024-03-16T20:56:29.400Z,33.7625425,-117.2190817,433.327,0.04,-0.08,-0.10,2.665,2.223,0.36,12
$GNSS,2024-03-16T20:56:29.600Z,33.7625424,-117.2190819,433.356,0.00,-0.03,-0.02,2.668,2.225,0.41,12
$GNSS,2024-03-16T20:56:29.800Z,33.7625422,-117.2190820,433.392,-0.07,-0.06,-0.07,2.670,2.228,0.37,12
$GNSS,2024-03-16T20:56:30.000Z,33.7625422,-117.2190818,433.435,0.06,0.03,0.07,2.672,2.230,0.35,12
$GNSS,2024-03-16T20:56:30.200Z,33.7625421,-117.2190816,433.477,-0.01,-0.08,-0.03,2.673,2.232,0.45,12
$GNSS,2024-03-16T20:56:30.400Z,33.7625420,-117.2190812,433.538,0.00,0.05,0.00,2.676,2.234,0.45,12
$GNSS,2024-03-16T20:56:30.600Z,33.7625420,-117.2190807,433.594,0.04,0.01,-0.01,2.677,2.233,0.18,12
$GNSS,2024-03-16T20:56:30.800Z,33.7625419,-117.2190807,433.620,-0.02,-0.04,0.03,2.679,2.232,0.37,12
$GNSS,2024-03-16T20:56:31.000Z,33.7625418,-117.2190798,433.712,-0.02,0.04,-0.03,2.679,2.228,0.37,12
$GNSS,2024-03-16T20:56:31.200Z,33.7625417,-117.2190797,433.743,0.00,0.03,0.03,2.679,2.225,0.35,12
$GNSS,2024-03-16T20:56:31.400Z,33.7625416,-117.2190797,433.776,0.02,-0.05,-0.01,2.680,2.223,0.37,12
$GNSS,2024-03-16T20:56:31.600Z,33.7625415,-117.2190797,433.809,0.01,0.01,0.03,2.681,2.224,0.41,12
$GNSS,2024-03-16T20:56:31.800Z,33.7625414,-117.2190791,433.880,-0.01,-0.09,-0.02,2.682,2.225,0.44,12
$GNSS,2024-03-16T20:56:32.000Z,33.7625413,-117.2190791,433.921,0.05,-0.12,0.00,2.682,2.223,0.38,12
$GNSS,2024-03-16T20:56:32.200Z,33.7625412,-117.2190787,434.001,-0.08,-0.08,-0.07,2.682,2.221,0.30,12
$GNSS,2024-03-16T20:56:32.400Z,33.7625410,-117.2190787,434.056,-0.04,-0.05,-0.07,2.682,2.219,0.36,12
$GNSS,2024-03-16T20:56:32.600Z,33.7625409,-117.2190786,434.093,0.04,-0.02,0.07,2.682,2.218,0.30,12
$GNSS,2024-03-16T20:56:32.800Z,33.7625409,-117.2190778,434.167,0.00,0.06,0.00,2.682,2.217,0.41,12
$GNSS,2024-03-16T20:56:33.000Z,33.7625407,-117.2190775,434.220,-0.09,-0.03,0.01,2.681,2.216,0.20,12
$GNSS,2024-03-16T20:56:33.200Z,33.7625406,-117.2190776,434.271,-0.01,-0.22,-0.06,2.683,2.217,0.42,12
$GNSS,2024-03-16T20:56:33.400Z,33.7625404,-117.2190775,434.357,-0.03,-0.11,-0.08,2.682,2.216,0.41,12
$GNSS,2024-03-16T20:56:33.600Z,33.7625403,-117.2190777,434.416,-0.04,-0.07,-0.09,2.681,2.215,0.40,12
$GNSS,2024-03-16T20:56:33.800Z,33.7625402,-117.2190771,434.507,-0.03,0.04,-0.06,2.680,2.214,0.35,12
$GNSS,2024-03-16T20:56:34.000Z,33.7625401,-117.2190767,434.569,0.04,0.15,-0.04,2.681,2.212,0.41,12
$GNSS,2024-03-16T20:56:34.200Z,33.7625400,-117.2190762,434.634,0.01,0.13,-0.08,2.681,2.209,0.38,12
$GNSS,2024-03-16T20:56:34.400Z,33.7625399,-117.2190761,434.684,-0.05,0.09,-0.08,2.679,2.205,0.32,12
$GNSS,2024-03-16T20:56:34.600Z,33.7625398,-117.2190756,434.761,0.00,0.09,-0.11,2.678,2.202,0.33,12
$GNSS,2024-03-16T20:56:34.800Z,33.7625397,-117.2190756,434.814,-0.02,0.02,-0.06,2.678,2.199,0.29,12
$GNSS,2024-03-16T20:56:35.000Z,33.7625395,-117.2190755,434.881,-0.04,-0.04,-0.17,2.679,2.198,0.38,12
$GNSS,2024-03-16T20:56:35.200Z,33.7625395,-117.2190754,434.948,0.04,0.06,-0.12,2.682,2.199,0.31,12
$GNSS,2024-03-16T20:56:35.400Z,33.7625394,-117.2190753,435.004,0.00,0.07,-0.12,2.684,2.199,0.34,12
$GNSS,2024-03-16T20:56:35.600Z,33.7625393,-117.2190752,435.048,-0.01,-0.03,-0.01,2.687,2.200,0.44,12
$GNSS,2024-03-16T20:56:35.800Z,33.7625391,-117.2190753,435.088,-0.03,0.06,-0.06,2.689,2.202,0.36,12
$GNSS,2024-03-16T20:56:36.000Z,33.7625391,-117.2190748,435.151,0.04,0.05,0.01,2.690,2.204,0.39,12
$GNSS,2024-03-16T20:56:36.200Z,33.7625390,-117.2190745,435.213,-0.03,0.01,-0.03,2.691,2.205,0.30,12
$GNSS,2024-03-16T20:56:36.400Z,33.7625389,-117.2190738,435.314,-0.06,0.02,-0.10,2.690,2.205,0.31,12
$GNSS,2024-03-16T20:56:36.600Z,33.7625388,-117.2190735,435.390,0.00,-0.03,-0.04,2.690,2.204,0.37,12
$GNSS,2024-03-16T20:56:36.800Z,33.7625387,-117.2190734,435.433,-0.04,0.07,0.03,2.689,2.202,0.31,12
$GNSS,2024-03-16T20:56:37.000Z,33.7625386,-117.2190729,435.492,0.02,-0.01,0.03,2.687,2.200,0.27,12
$GNSS,2024-03-16T20:56:37.200Z,33.7625385,-117.2190723,435.564,-0.04,0.03,-0.01,2.686,2.198,0.23,12
$GNSS,2024-03-16T20:56:37.400Z,33.7625384,-117.2190724,435.582,0.05,0.07,0.09,2.685,2.196,0.29,12
$GNSS,2024-03-16T20:56:37.600Z,33.7625384,-117.2190722,435.628,-0.04,-0.08,0.02,2.684,2.194,0.36,12
$GNSS,2024-03-16T20:56:37.800Z,33.7625382,-117.2190723,435.663,-0.01,-0.08,0.03,2.683,2.192,0.37,12
$GNSS,2024-03-16T20:56:38.000Z,33.7625382,-117.2190722,435.716,0.02,-0.08,0.00,2.683,2.191,0.37,12
$GNSS,2024-03-16T20:56:38.200Z,33.7625381,-117.2190721,435.762,-0.02,-0.07,0.04,2.683,2.189,0.36,12
$GNSS,2024-03-16T20:56:38.400Z,33.7625380,-117.2190723,435.803,-0.01,-0.13,-0.03,2.681,2.187,0.37,12
$GNSS,2024-03-16T20:56:38.600Z,33.7625379,-117.2190726,435.842,0.01,-0.07,0.01,2.681,2.186,0.38,12
$GNSS,2024-03-16T20:56:38.800Z,33.7625378,-117.2190722,435.905,0.00,-0.04,0.00,2.680,2.184,0.39,12
$GNSS,2024-03-16T20:56:39.000Z,33.7625377,-117.2190722,435.947,-0.05,-0.02,-0.01,2.680,2.183,0.22,12
$GNSS,2024-03-16T20:56:39.200Z,33.7625376,-117.2190724,435.972,0.02,0.02,0.03,2.682,2.182,0.34,12
$GNSS,2024-03-16T20:56:39.400Z,33.7625375,-117.2190726,436.002,-0.02,-0.05,-0.03,2.683,2.182,0.37,12
$GNSS,2024-03-16T20:56:39.600Z,33.7625374,-117.2190726,436.046,0.01,-0.07,-0.04,2.684,2.182,0.38,12
$GNSS,2024-03-16T20:56:39.800Z,33.7625373,-117.2190726,436.087,-0.06,0.05,0.02,2.684,2.183,0.27,12
$GNSS,2024-03-16T20:56:40.000Z,33.7625372,-117.2190726,436.124,0.00,-0.07,-0.02,2.685,2.183,0.40,12
$GNSS,2024-03-16T20:56:40.200Z,33.7625371,-117.2190727,436.161,0.01,-0.02,-0.02,2.685,2.183,0.34,12
$GNSS,2024-03-16T20:56:40.400Z,33.7625371,-117.2190726,436.203,0.01,0.03,0.01,2.686,2.183,0.39,12
$GNSS,2024-03-16T20:56:40.600Z,33.7625370,-117.2190726,436.228,-0.02,0.05,0.01,2.686,2.183,0.35,12
$GNSS,2024-03-16T20:56:40.800Z,33.7625369,-117.2190727,436.255,0.00,-0.09,0.05,2.687,2.183,0.38,12
$GNSS,2024-03-16T20:56:41.000Z,33.7625368,-117.2190729,436.272,-0.01,0.01,0.02,2.686,2.182,0.28,12
$GNSS,2024-03-16T20:56:41.200Z,33.7625368,-117.2190728,436.309,-0.03,-0.02,0.00,2.685,2.181,0.26,12
$GNSS,2024-03-16T20:56:41.400Z,33.7625367,-117.2190728,436.347,0.03,-0.01,0.02,2.684,2.179,0.22,12
$GNSS,2024-03-16T20:56:41.600Z,33.7625367,-117.2190727,436.381,0.00,0.01,-0.01,2.684,2.179,0.35,12
$GNSS,2024-03-16T20:56:41.800Z,33.7625366,-117.2190727,436.425,-0.05,-0.06,-0.01,2.683,2.179,0.34,12
$GNSS,2024-03-16T20:56:42.000Z,33.7625365,-117.2190729,436.448,-0.02,-0.04,0.05,2.682,2.179,0.34,12
$GNSS,2024-03-16T20:56:42.200Z,33.7625364,-117.2190731,436.474,-0.04,-0.11,0.03,2.682,2.179,0.38,12
$GNSS,2024-03-16T20:56:42.400Z,33.7625362,-117.2190734,436.498,-0.02,-0.06,0.01,2.682,2.179,0.39,12
$GNSS,2024-03-16T20:56:42.600Z,33.7625362,-117.2190734,436.523,0.06,-0.07,0.11,2.682,2.180,0.33,12
$GNSS,2024-03-16T20:56:42.800Z,33.7625362,-117.2190735,436.537,-0.03,0.02,0.05,2.683,2.182,0.30,12
$GNSS,2024-03-16T20:56:43.000Z,33.7625361,-117.2190737,436.560,-0.06,-0.14,0.03,2.685,2.185,0.39,12
$GNSS,2024-03-16T20:56:43.200Z,33.7625360,-117.2190737,436.605,0.01,-0.03,-0.01,2.686,2.187,0.42,12
$GNSS,2024-03-16T20:56:43.400Z,33.7625359,-117.2190737,436.643,-0.03,-0.06,-0.02,2.688,2.190,0.43,12
$GNSS,2024-03-16T20:56:43.600Z,33.7625358,-117.2190736,436.689,-0.04,-0.03,-0.01,2.690,2.193,0.34,12
$GNSS,2024-03-16T20:56:43.800Z,33.7625357,-117.2190737,436.714,0.01,0.07,0.03,2.692,2.196,0.45,12
$GNSS,2024-03-16T20:56:44.000Z,33.7625357,-117.2190738,436.731,0.03,0.01,0.02,2.694,2.199,0.34,12
$GNSS,2024-03-16T20:56:44.200Z,33.7625357,-117.2190738,436.762,0.03,0.13,-0.10,2.696,2.202,0.38,12
$GNSS,2024-03-16T20:56:44.400Z,33.7625356,-117.2190740,436.792,-0.03,0.08,-0.09,2.698,2.205,0.37,12
$GNSS,2024-03-16T20:56:44.600Z,33.7625355,-117.2190744,436.805,-0.02,0.10,-0.10,2.698,2.205,0.37,12
$GNSS,2024-03-16T20:56:44.800Z,33.7625354,-117.2190744,436.836,0.03,0.07,-0.04,2.701,2.207,0.39,12
$GNSS,2024-03-16T20:56:45.000Z,33.7625354,-117.2190746,436.852,0.00,0.06,-0.02,2.703,2.210,0.41,12
$GNSS,2024-03-16T20:56:45.200Z,33.7625354,-117.2190746,436.878,0.05,0.08,0.02,2.706,2.213,0.40,12
$GNSS,2024-03-16T20:56:45.400Z,33.7625354,-117.2190743,436.928,-0.02,0.06,-0.06,2.708,2.216,0.37,12
$GNSS,2024-03-16T20:56:45.600Z,33.7625353,-117.2190743,436.971,0.02,-0.01,-0.05,2.709,2.218,0.34,12
$GNSS,2024-03-16T20:56:45.800Z,33.7625353,-117.2190744,437.007,0.03,0.02,-0.02,2.708,2.216,0.30,12
$GNSS,2024-03-16T20:56:46.000Z,33.7625353,-117.2190742,437.058,-0.03,0.02,-0.01,2.708,2.215,0.28,12
$GNSS,2024-03-16T20:56:46.200Z,33.7625352,-117.2190741,437.112,-0.02,-0.04,-0.01,2.705,2.211,0.37,12
$GNSS,2024-03-16T20:56:46.400Z,33.7625351,-117.2190740,437.159,0.03,-0.06,0.05,2.702,2.208,0.34,12
$GNSS,2024-03-16T20:56:46.600Z,33.7625351,-117.2190740,437.205,-0.01,-0.12,0.07,2.699,2.205,0.36,12
$GNSS,2024-03-16T20:56:46.800Z,33.7625351,-117.2190737,437.261,0.00,-0.06,0.08,2.697,2.203,0.33,12
$GNSS,2024-03-16T20:56:47.000Z,33.7625351,-117.2190735,437.318,-0.01,-0.03,-0.04,2.695,2.202,0.32,12
$GNSS,2024-03-16T20:56:47.200Z,33.7625350,-117.2190737,437.353,0.02,-0.03,-0.04,2.695,2.203,0.29,12
$GNSS,2024-03-16T20:56:47.400Z,33.7625351,-117.2190738,437.386,0.02,-0.01,0.02,2.694,2.204,0.33,12
$GNSS,2024-03-16T20:56:47.600Z,33.7625351,-117.2190736,437.438,0.00,0.00,-0.03,2.694,2.204,0.34,12
$GNSS,2024-03-16T20:56:47.800Z,33.7625350,-117.2190734,437.488,-0.02,0.11,-0.05,2.693,2.205,0.35,12
$GNSS,2024-03-16T20:56:48.000Z,33.7625350,-117.2190736,437.516,-0.01,0.03,-0.09,2.694,2.206,0.36,12
$GNSS,2024-03-16T20:56:48.200Z,33.7625349,-117.2190735,437.559,-0.05,0.00,-0.04,2.695,2.208,0.31,12
$GNSS,2024-03-16T20:56:48.400Z,33.7625348,-117.2190736,437.577,-0.02,0.13,-0.01,2.696,2.210,0.39,12
$GNSS,2024-03-16T20:56:48.600Z,33.7625348,-117.2190735,437.608,0.00,0.01,-0.03,2.698,2.212,0.36,12
$GNSS,2024-03-16T20:56:48.800Z,33.7625348,-117.2190737,437.626,-0.02,-0.02,-0.01,2.699,2.214,0.33,12
$GNSS,2024-03-16T20:56:49.000Z,33.7625348,-117.2190738,437.643,0.01,0.04,0.01,2.701,2.216,0.41,12
$GNSS,2024-03-16T20:56:49.200Z,33.7625347,-117.2190738,437.675,-0.06,-0.04,0.00,2.703,2.219,0.31,12
$GNSS,2024-03-16T20:56:49.400Z,33.7625346,-117.2190739,437.701,-0.05,0.04,-0.01,2.705,2.223,0.29,12
$GNSS,2024-03-16T20:56:49.600Z,33.7625345,-117.2190739,437.726,0.02,-0.04,-0.01,2.706,2.226,0.36,12
$GNSS,2024-03-16T20:56:49.800Z,33.7625345,-117.2190741,437.755,-0.03,-0.06,-0.02,2.708,2.230,0.40,12
$GNSS,2024-03-16T20:56:50.000Z,33.7625344,-117.2190743,437.759,0.00,0.03,0.08,2.710,2.234,0.38,12
$GNSS,2024-03-16T20:56:50.200Z,33.7625345,-117.2190745,437.762,0.04,0.04,-0.01,2.712,2.238,0.33,12
$GNSS,2024-03-16T20:56:50.400Z,33.7625345,-117.2190747,437.792,0.00,-0.06,-0.06,2.714,2.242,0.39,12
$GNSS,2024-03-16T20:56:50.600Z,33.7625345,-117.2190747,437.827,0.02,0.04,0.00,2.716,2.245,0.40,12
$GNSS,2024-03-16T20:56:50.800Z,33.7625345,-117.2190751,437.831,0.02,-0.01,-0.04,2.718,2.248,0.30,12
$GNSS,2024-03-16T20:56:51.000Z,33.7625345,-117.2190750,437.866,0.01,0.04,-0.01,2.721,2.251,0.40,12
$GNSS,2024-03-16T20:56:51.200Z,33.7625345,-117.2190755,437.860,0.03,-0.01,0.00,2.720,2.251,0.18,12
$GNSS,2024-03-16T20:56:51.400Z,33.7625345,-117.2190759,437.872,-0.01,-0.07,-0.06,2.719,2.251,0.37,12
$GNSS,2024-03-16T20:56:51.600Z,33.7625345,-117.2190762,437.888,-0.06,-0.01,0.02,2.719,2.250,0.18,12
$GNSS,2024-03-16T20:56:51.800Z,33.7625344,-117.2190763,437.911,0.03,0.01,-0.01,2.718,2.248,0.20,12
$GNSS,2024-03-16T20:56:52.000Z,33.7625344,-117.2190762,437.950,-0.02,-0.04,-0.06,2.717,2.244,0.31,12
$GNSS,2024-03-16T20:56:52.200Z,33.7625343,-117.2190764,437.976,-0.04,-0.05,-0.04,2.716,2.240,0.31,12
$GNSS,2024-03-16T20:56:52.400Z,33.7625343,-117.2190770,437.976,0.00,-0.08,0.02,2.715,2.237,0.38,12
$GNSS,2024-03-16T20:56:52.600Z,33.7625343,-117.2190774,437.981,-0.03,-0.13,0.08,2.716,2.235,0.36,12
$GNSS,2024-03-16T20:56:52.800Z,33.7625342,-117.2190776,437.984,-0.03,-0.04,0.08,2.717,2.236,0.32,12
$GNSS,2024-03-16T20:56:53.000Z,33.7625343,-117.2190777,438.000,0.06,-0.15,0.08,2.719,2.236,0.35,12
$GNSS,2024-03-16T20:56:53.200Z,33.7625343,-117.2190778,438.019,0.03,-0.05,0.07,2.721,2.237,0.35,12
$GNSS,2024-03-16T20:56:53.400Z,33.7625344,-117.2190779,438.024,0.04,-0.05,0.08,2.723,2.238,0.35,12
$GNSS,2024-03-16T20:56:53.600Z,33.7625345,-117.2190778,438.051,0.03,-0.03,0.03,2.725,2.240,0.32,12
$GNSS,2024-03-16T20:56:53.800Z,33.7625345,-117.2190777,438.085,-0.03,-0.10,-0.04,2.728,2.242,0.37,12
$GNSS,2024-03-16T20:56:54.000Z,33.7625345,-117.2190776,438.124,0.00,-0.12,0.04,2.733,2.245,0.38,12
$GNSS,2024-03-16T20:56:54.200Z,33.7625346,-117.2190775,438.145,0.05,-0.05,0.09,2.737,2.249,0.37,12
$GNSS,2024-03-16T20:56:54.400Z,33.7625346,-117.2190776,438.148,-0.01,-0.10,0.14,2.741,2.253,0.39,12
$GNSS,2024-03-16T20:56:54.600Z,33.7625346,-117.2190777,438.156,-0.04,-0.17,0.07,2.745,2.257,0.39,12
$GNSS,2024-03-16T20:56:54.800Z,33.7625346,-117.2190777,438.191,0.02,-0.09,0.01,2.746,2.259,0.36,12
$GNSS,2024-03-16T20:56:55.000Z,33.7625347,-117.2190775,438.219,-0.01,0.04,0.06,2.747,2.261,0.31,12
$GNSS,2024-03-16T20:56:55.200Z,33.7625347,-117.2190774,438.228,0.01,0.02,0.06,2.749,2.263,0.35,12
$GNSS,2024-03-16T20:56:55.400Z,33.7625348,-117.2190776,438.222,0.06,-0.05,0.01,2.750,2.265,0.28,12
$GNSS,2024-03-16T20:56:55.600Z,33.7625348,-117.2190778,438.237,-0.08,0.03,-0.07,2.752,2.268,0.32,12
$GNSS,2024-03-16T20:56:55.800Z,33.7625347,-117.2190780,438.252,-0.03,0.03,-0.05,2.753,2.268,0.34,12
$GNSS,2024-03-16T20:56:56.000Z,33.7625347,-117.2190783,438.259,0.01,-0.03,-0.05,2.756,2.271,0.30,12
$GNSS,2024-03-16T20:56:56.200Z,33.7625347,-117.2190786,438.262,0.00,0.02,-0.02,2.760,2.275,0.39,12
$GNSS,2024-03-16T20:56:56.400Z,33.7625347,-117.2190787,438.271,0.03,0.08,0.00,2.763,2.280,0.36,12
$GNSS,2024-03-16T20:56:56.600Z,33.7625348,-117.2190788,438.286,-0.01,-0.09,0.00,2.764,2.282,0.36,12
$GNSS,2024-03-16T20:56:56.800Z,33.7625348,-117.2190790,438.312,0.04,-0.04,-0.02,2.765,2.285,0.21,12
$GNSS,2024-03-16T20:56:57.000Z,33.7625348,-117.2190792,438.325,0.04,-0.03,0.07,2.768,2.289,0.37,12
$GNSS,2024-03-16T20:56:57.200Z,33.7625349,-117.2190794,438.317,0.01,0.01,0.09,2.771,2.294,0.36,12
$GNSS,2024-03-16T20:56:57.400Z,33.7625348,-117.2190799,438.309,-0.07,0.00,-0.05,2.773,2.300,0.30,12
$GNSS,2024-03-16T20:56:57.600Z,33.7625347,-117.2190802,438.336,0.04,-0.10,-0.04,2.774,2.305,0.30,12
$GNSS,2024-03-16T20:56:57.800Z,33.7625348,-117.2190806,438.359,0.01,-0.03,-0.05,2.777,2.311,0.35,12
$GNSS,2024-03-16T20:56:58.000Z,33.7625347,-117.2190809,438.377,-0.03,-0.09,-0.07,2.781,2.317,0.35,12
$GNSS,2024-03-16T20:56:58.200Z,33.7625348,-117.2190812,438.388,0.06,0.01,0.03,2.784,2.323,0.31,12
$GNSS,2024-03-16T20:56:58.400Z,33.7625348,-117.2190814,438.387,-0.02,0.03,-0.02,2.786,2.327,0.36,12
$GNSS,2024-03-16T20:56:58.600Z,33.7625348,-117.2190815,438.401,-0.03,0.04,-0.03,2.787,2.326,0.37,12
$GNSS,2024-03-16T20:56:58.800Z,33.7625348,-117.2190812,438.433,0.01,0.05,0.01,2.789,2.326,0.41,12
$GNSS,2024-03-16T20:56:59.000Z,33.7625348,-117.2190813,438.438,-0.05,0.03,-0.06,2.791,2.325,0.32,12
$GNSS,2024-03-16T20:56:59.200Z,33.7625348,-117.2190816,438.429,-0.01,0.01,-0.02,2.793,2.325,0.36,12
$GNSS,2024-03-16T20:56:59.400Z,33.7625348,-117.2190816,438.447,0.05,0.04,-0.02,2.796,2.325,0.33,12
$GNSS,2024-03-16T20:56:59.600Z,33.7625349,-117.2190818,438.439,0.00,-0.02,0.08,2.800,2.328,0.37,12
$GNSS,2024-03-16T20:56:59.800Z,33.7625349,-117.2190815,438.460,-0.02,-0.03,0.04,2.805,2.332,0.35,12
$GNSS,2024-03-16T20:57:00.000Z,33.7625349,-117.2190816,438.464,0.02,-0.03,0.01,2.810,2.335,0.37,12
$GNSS,2024-03-16T20:57:00.200Z,33.7625349,-117.2190818,438.457,-0.04,-0.04,0.06,2.814,2.339,0.34,12
$GNSS,2024-03-16T20:57:00.400Z,33.7625348,-117.2190825,438.412,0.00,-0.03,0.07,2.819,2.343,0.39,12
$GNSS,2024-03-16T20:57:00.600Z,33.7625348,-117.2190828,438.396,-0.03,-0.02,0.02,2.824,2.347,0.31,12
$GNSS,2024-03-16T20:57:00.800Z,33.7625348,-117.2190826,438.417,0.01,0.01,0.06,2.829,2.352,0.40,12
$GNSS,2024-03-16T20:57:01.000Z,33.7625348,-117.2190827,438.414,-0.03,0.02,0.01,2.834,2.356,0.23,12
$GNSS,2024-03-16T20:57:01.200Z,33.7625349,-117.2190831,438.396,0.04,-0.06,0.03,2.838,2.360,0.37,12
$GNSS,2024-03-16T20:57:01.400Z,33.7625349,-117.2190836,438.378,0.01,-0.02,0.00,2.842,2.365,0.37,12
$GNSS,2024-03-16T20:57:01.600Z,33.7625350,-117.2190836,438.398,0.01,-0.03,0.02,2.845,2.368,0.40,12
$GNSS,2024-03-16T20:57:01.800Z,33.7625350,-117.2190837,438.410,-0.01,-0.02,-0.01,2.848,2.372,0.43,12
$GNSS,2024-03-16T20:57:02.000Z,33.7625349,-117.2190845,438.364,-0.07,0.00,0.03,2.851,2.376,0.18,12
$GNSS,2024-03-16T20:57:02.200Z,33.7625349,-117.2190846,438.376,0.00,-0.03,-0.02,2.849,2.374,0.42,12
$GNSS,2024-03-16T20:57:02.400Z,33.7625349,-117.2190842,438.435,-0.01,-0.07,0.00,2.847,2.372,0.42,12
$GNSS,2024-03-16T20:57:02.600Z,33.7625349,-117.2190843,438.444,0.03,0.01,-0.05,2.845,2.370,0.30,12
$GNSS,2024-03-16T20:57:02.800Z,33.7625350,-117.2190850,438.414,0.04,-0.06,0.02,2.846,2.370,0.35,12
$GNSS,2024-03-16T20:57:03.000Z,33.7625351,-117.2190852,438.404,0.01,0.01,0.00,2.847,2.371,0.41,12
$GNSS,2024-03-16T20:57:03.200Z,33.7625351,-117.2190854,438.398,-0.05,-0.06,0.03,2.848,2.371,0.36,12
$GNSS,2024-03-16T20:57:03.400Z,33.7625351,-117.2190858,438.376,0.01,-0.04,-0.04,2.849,2.372,0.41,12
$GNSS,2024-03-16T20:57:03.600Z,33.7625352,-117.2190863,438.355,0.01,-0.11,0.03,2.851,2.373,0.42,12
$GNSS,2024-03-16T20:57:03.800Z,33.7625353,-117.2190869,438.320,0.02,-0.12,0.05,2.853,2.375,0.41,12
$GNSS,2024-03-16T20:57:04.000Z,33.7625353,-117.2190871,438.301,-0.04,-0.11,0.10,2.855,2.377,0.38,12
$GNSS,2024-03-16T20:57:04.200Z,33.7625353,-117.2190872,438.294,-0.01,-0.03,0.04,2.857,2.379,0.37,12
$GNSS,2024-03-16T20:57:04.400Z,33.7625353,-117.2190874,438.270,0.01,0.01,0.07,2.862,2.383,0.43,12
$GNSS,2024-03-16T20:57:04.600Z,33.7625353,-117.2190876,438.248,-0.04,0.04,0.00,2.866,2.387,0.35,12
$GNSS,2024-03-16T20:57:04.800Z,33.7625353,-117.2190875,438.260,0.04,-0.01,0.03,2.872,2.393,0.38,12
$GNSS,2024-03-16T20:57:05.000Z,33.7625353,-117.2190875,438.270,-0.04,-0.04,0.03,2.878,2.401,0.34,12
$GNSS,2024-03-16T20:57:05.200Z,33.7625353,-117.2190877,438.256,0.01,0.00,0.04,2.885,2.410,0.45,12
$GNSS,2024-03-16T20:57:05.400Z,33.7625353,-117.2190878,438.254,0.00,0.05,0.02,2.891,2.418,0.50,12
$GNSS,2024-03-16T20:57:05.600Z,33.7625353,-117.2190880,438.245,0.00,0.00,-0.02,2.897,2.424,0.44,12
$GNSS,2024-03-16T20:57:05.800Z,33.7625353,-117.2190880,438.254,-0.07,0.01,-0.01,2.902,2.429,0.21,12
$GNSS,2024-03-16T20:57:06.000Z,33.7625352,-117.2190882,438.240,0.03,-0.05,0.05,2.907,2.434,0.42,12
$GNSS,2024-03-16T20:57:06.200Z,33.7625353,-117.2190884,438.236,0.03,-0.04,0.00,2.911,2.438,0.38,12
$GNSS,2024-03-16T20:57:06.400Z,33.7625355,-117.2190892,438.164,0.04,0.02,0.08,2.915,2.441,0.42,12
$GNSS,2024-03-16T20:57:06.600Z,33.7625356,-117.2190890,438.179,0.01,-0.08,0.02,2.920,2.443,0.47,11
$GNSS,2024-03-16T20:57:06.800Z,33.7625356,-117.2190889,438.201,0.00,-0.08,-0.05,2.923,2.444,0.48,11
$GNSS,2024-03-16T20:57:07.000Z,33.7625356,-117.2190898,438.145,-0.08,-0.09,-0.02,2.926,2.443,0.42,11
$GNSS,2024-03-16T20:57:07.200Z,33.7625356,-117.2190907,438.113,0.06,-0.12,0.00,2.930,2.444,0.42,12
$GNSS,2024-03-16T20:57:07.400Z,33.7625356,-117.2190914,438.090,-0.01,-0.09,0.02,2.934,2.446,0.47,12
$GNSS,2024-03-16T20:57:07.600Z,33.7625357,-117.2190916,438.085,0.02,-0.11,0.04,2.939,2.448,0.46,12
$GNSS,2024-03-16T20:57:07.800Z,33.7625357,-117.2190919,438.077,-0.01,-0.13,0.03,2.943,2.449,0.48,12
$GNSS,2024-03-16T20:57:08.000Z,33.7625358,-117.2190926,438.019,-0.01,-0.08,0.12,2.944,2.445,0.38,12
$GNSS,2024-03-16T20:57:08.200Z,33.7625357,-117.2190927,438.007,-0.05,-0.08,0.05,2.948,2.442,0.39,12
$GNSS,2024-03-16T20:57:08.400Z,33.7625357,-117.2190931,437.966,0.02,-0.14,0.17,2.953,2.443,0.39,12
$GNSS,2024-03-16T20:57:08.600Z,33.7625358,-117.2190938,437.906,0.03,-0.22,0.15,2.957,2.444,0.42,12
$GNSS,2024-03-16T20:57:08.800Z,33.7625358,-117.2190942,437.862,-0.02,-0.06,0.17,2.961,2.445,0.37,12
$GNSS,2024-03-16T20:57:09.000Z,33.7625359,-117.2190945,437.821,0.05,-0.07,0.13,2.965,2.447,0.39,12
$GNSS,2024-03-16T20:57:09.200Z,33.7625360,-117.2190948,437.790,0.03,-0.12,0.08,2.968,2.447,0.41,12
$GNSS,2024-03-16T20:57:09.400Z,33.7625361,-117.2190955,437.729,0.05,-0.07,0.12,2.969,2.446,0.38,12
$GNSS,2024-03-16T20:57:09.600Z,33.7625362,-117.2190959,437.694,-0.03,-0.08,0.06,2.971,2.446,0.40,12
$GNSS,2024-03-16T20:57:09.800Z,33.7625362,-117.2190970,437.629,-0.03,-0.26,0.07,2.974,2.446,0.44,12
$GNSS,2024-03-16T20:57:10.000Z,33.7625362,-117.2190977,437.599,0.00,-0.22,0.06,2.976,2.446,0.44,12
$GNSS,2024-03-16T20:57:10.200Z,33.7625362,-117.2190981,437.568,0.00,-0.03,0.20,2.977,2.446,0.36,12
$GNSS,2024-03-16T20:57:10.400Z,33.7625362,-117.2190982,437.542,0.03,-0.10,0.15,2.979,2.448,0.39,12
$GNSS,2024-03-16T20:57:10.600Z,33.7625362,-117.2190984,437.529,-0.02,-0.08,0.03,2.980,2.448,0.39,12
$GNSS,2024-03-16T20:57:10.800Z,33.7625363,-117.2190991,437.495,0.02,-0.08,-0.09,2.982,2.449,0.30,11
$GNSS,2024-03-16T20:57:11.000Z,33.7625364,-117.2190992,437.493,0.02,-0.01,-0.01,2.984,2.450,0.22,11
$GNSS,2024-03-16T20:57:11.200Z,33.7625364,-117.2190995,437.476,-0.05,0.01,-0.02,2.985,2.449,0.26,12
$GNSS,2024-03-16T20:57:11.400Z,33.7625365,-117.2191002,437.412,0.06,0.05,-0.03,2.988,2.448,0.35,12
$GNSS,2024-03-16T20:57:11.600Z,33.7625366,-117.2191004,437.379,0.01,0.10,0.01,2.992,2.448,0.47,12
$GNSS,2024-03-16T20:57:11.800Z,33.7625367,-117.2191005,437.359,-0.01,-0.04,-0.07,2.996,2.449,0.43,11
$GNSS,2024-03-16T20:57:12.000Z,33.7625368,-117.2191008,437.340,0.00,-0.03,0.00,2.999,2.449,0.46,11
$GNSS,2024-03-16T20:57:12.200Z,33.7625368,-117.2191013,437.282,-0.04,0.04,0.04,3.003,2.450,0.33,11
$GNSS,2024-03-16T20:57:12.400Z,33.7625368,-117.2191015,437.252,0.00,0.07,0.04,3.009,2.453,0.53,12
$GNSS,2024-03-16T20:57:12.600Z,33.7625369,-117.2191019,437.229,0.00,-0.08,-0.05,3.014,2.457,0.50,11
$GNSS,2024-03-16T20:57:12.800Z,33.7625370,-117.2191021,437.208,0.02,0.01,-0.02,3.018,2.458,0.28,11
$GNSS,2024-03-16T20:57:13.000Z,33.7625371,-117.2191027,437.145,0.02,0.04,0.09,3.023,2.462,0.46,11
$GNSS,2024-03-16T20:57:13.200Z,33.7625371,-117.2191025,437.148,0.03,-0.06,0.04,3.030,2.468,0.42,11
$GNSS,2024-03-16T20:57:13.400Z,33.7625373,-117.2191028,437.100,0.05,0.00,0.13,3.036,2.473,0.44,11
$GNSS,2024-03-16T20:57:13.600Z,33.7625373,-117.2191033,437.048,-0.05,-0.10,0.11,3.043,2.479,0.40,11
$GNSS,2024-03-16T20:57:13.800Z,33.7625373,-117.2191035,437.023,0.07,0.00,0.07,3.050,2.486,0.40,11
$GNSS,2024-03-16T20:57:14.000Z,33.7625374,-117.2191035,437.024,0.05,-0.07,0.06,3.060,2.497,0.41,11
$GNSS,2024-03-16T20:57:14.200Z,33.7625374,-117.2191040,436.991,-0.01,-0.09,0.06,3.067,2.506,0.47,11
$GNSS,2024-03-16T20:57:14.400Z,33.7625375,-117.2191045,436.925,0.02,0.02,0.12,3.073,2.514,0.51,11
$GNSS,2024-03-16T20:57:14.600Z,33.7625377,-117.2191049,436.852,0.00,-0.08,0.18,3.073,2.512,0.41,11
$GNSS,2024-03-16T20:57:14.800Z,33.7625377,-117.2191043,436.852,-0.02,-0.01,0.09,3.074,2.510,0.39,11
$GNSS,2024-03-16T20:57:15.000Z,33.7625378,-117.2191043,436.816,0.03,0.08,0.13,3.078,2.512,0.53,11
$GNSS,2024-03-16T20:57:15.200Z,33.7625379,-117.2191042,436.816,0.03,-0.08,0.06,3.084,2.520,0.42,11
$GNSS,2024-03-16T20:57:15.400Z,33.7625379,-117.2191043,436.825,-0.06,-0.06,-0.02,3.089,2.527,0.50,11
$GNSS,2024-03-16T20:57:15.600Z,33.7625377,-117.2191036,436.890,-0.04,-0.02,0.01,3.095,2.537,0.30,11
$GNSS,2024-03-16T20:57:15.800Z,33.7625378,-117.2191033,436.893,0.04,0.05,0.13,3.098,2.545,0.53,11
$GNSS,2024-03-16T20:57:16.000Z,33.7625377,-117.2191025,436.948,-0.18,-0.12,-0.08,3.094,2.539,0.37,12
$GNSS,2024-03-16T20:57:16.200Z,33.7625376,-117.2191033,436.894,-0.16,-0.18,-0.05,3.086,2.527,0.40,11
$GNSS,2024-03-16T20:57:16.400Z,33.7625378,-117.2191043,436.819,0.17,-0.09,0.04,3.088,2.524,0.37,11
$GNSS,2024-03-16T20:57:16.600Z,33.7625380,-117.2191045,436.798,0.01,-0.01,0.04,3.086,2.518,0.38,12
$GNSS,2024-03-16T20:57:16.800Z,33.7625381,-117.2191062,436.673,-0.09,-0.23,0.09,3.087,2.514,0.44,12
$GNSS,2024-03-16T20:57:17.000Z,33.7625381,-117.2191058,436.733,0.08,-0.37,-0.21,3.090,2.510,0.46,12
$GNSS,2024-03-16T20:57:17.200Z,33.7625382,-117.2191062,436.731,-0.04,0.19,0.01,3.096,2.513,0.51,12
$GNSS,2024-03-16T20:57:17.400Z,33.7625382,-117.2191062,436.742,0.15,-0.11,-0.07,3.102,2.518,0.42,12
$GNSS,2024-03-16T20:57:17.600Z,33.7625383,-117.2191061,436.771,-0.03,0.07,-0.05,3.109,2.526,0.48,12
$GNSS,2024-03-16T20:57:17.800Z,33.7625383,-117.2191060,436.749,0.05,0.17,0.09,3.117,2.535,0.56,12
$GNSS,2024-03-16T20:57:18.000Z,33.7625383,-117.2191070,436.683,-0.07,-0.07,-0.07,3.125,2.543,0.50,12
$GNSS,2024-03-16T20:57:18.200Z,33.7625382,-117.2191076,436.647,-0.07,-0.04,-0.01,3.129,2.548,0.36,12
$GNSS,2024-03-16T20:57:18.400Z,33.7625382,-117.2191080,436.613,0.08,-0.03,0.00,3.134,2.553,0.25,12
$GNSS,2024-03-16T20:57:18.600Z,33.7625383,-117.2191089,436.535,-0.05,-0.03,0.09,3.141,2.559,0.35,12
$GNSS,2024-03-16T20:57:18.800Z,33.7625383,-117.2191092,436.505,0.01,-0.09,0.03,3.148,2.565,0.52,12
$GNSS,2024-03-16T20:57:19.000Z,33.7625383,-117.2191091,436.499,-0.07,-0.07,0.09,3.148,2.559,0.37,12
$GNSS,2024-03-16T20:57:19.200Z,33.7625382,-117.2191085,436.558,-0.06,-0.21,-0.03,3.149,2.550,0.50,12
$GNSS,2024-03-16T20:57:19.400Z,33.7625382,-117.2191078,436.603,-0.02,-0.02,0.02,3.149,2.542,0.32,12
$GNSS,2024-03-16T20:57:19.600Z,33.7625382,-117.2191073,436.630,-0.08,0.07,-0.10,3.151,2.536,0.33,12
$GNSS,2024-03-16T20:57:19.800Z,33.7625381,-117.2191077,436.611,-0.01,-0.08,0.05,3.156,2.538,0.45,12
$GNSS,2024-03-16T20:57:20.000Z,33.7625380,-117.2191087,436.535,-0.10,0.13,-0.11,3.162,2.541,0.39,12
$GNSS,2024-03-16T20:57:20.200Z,33.7625380,-117.2191092,436.472,-0.03,0.12,0.00,3.168,2.544,0.50,12
$GNSS,2024-03-16T20:57:20.400Z,33.7625380,-117.2191102,436.324,-0.09,0.18,0.17,3.174,2.544,0.45,12
$GNSS,2024-03-16T20:57:20.600Z,33.7625381,-117.2191102,436.260,0.04,0.01,-0.07,3.181,2.543,0.31,12
$GNSS,2024-03-16T20:57:20.800Z,33.7625382,-117.2191112,436.157,-0.12,-0.04,0.05,3.189,2.542,0.24,12
$GNSS,2024-03-16T20:57:21.000Z,33.7625382,-117.2191121,436.063,0.00,-0.06,-0.01,3.193,2.539,0.64,12
$GNSS,2024-03-16T20:57:21.200Z,33.7625383,-117.2191133,435.946,-0.03,-0.01,0.12,3.191,2.533,0.33,12
$GNSS,2024-03-16T20:57:21.400Z,33.7625383,-117.2191130,435.899,-0.10,0.06,0.10,3.190,2.526,0.32,12
$GNSS,2024-03-16T20:57:21.600Z,33.7625384,-117.2191127,435.878,0.08,-0.06,-0.01,3.194,2.523,0.38,12
$GNSS,2024-03-16T20:57:21.800Z,33.7625384,-117.2191140,435.828,-0.07,-0.27,-0.18,3.200,2.521,0.45,12
$GNSS,2024-03-16T20:57:22.000Z,33.7625384,-117.2191142,435.837,-0.05,-0.29,-0.02,3.208,2.522,0.54,12
$GNSS,2024-03-16T20:57:22.200Z,33.7625385,-117.2191156,435.722,0.09,0.00,0.19,3.216,2.523,0.42,12
$GNSS,2024-03-16T20:57:22.400Z,33.7625386,-117.2191160,435.642,0.00,-0.05,0.15,3.222,2.522,0.36,12
$GNSS,2024-03-16T20:57:22.600Z,33.7625386,-117.2191168,435.565,-0.05,-0.19,0.04,3.228,2.520,0.50,12
$GNSS,2024-03-16T20:57:22.800Z,33.7625386,-117.2191176,435.504,-0.01,-0.18,0.02,3.234,2.518,0.51,12
$GNSS,2024-03-16T20:57:23.000Z,33.7625388,-117.2191180,435.477,0.05,-0.28,0.03,3.235,2.513,0.50,12
$GNSS,2024-03-16T20:57:23.200Z,33.7625388,-117.2191180,435.470,-0.08,-0.18,0.02,3.234,2.508,0.47,12
$GNSS,2024-03-16T20:57:23.400Z,33.7625388,-117.2191175,435.497,-0.05,-0.18,-0.02,3.235,2.505,0.50,12
$GNSS,2024-03-16T20:57:23.600Z,33.7625387,-117.2191181,435.457,-0.06,-0.17,0.11,3.240,2.504,0.42,11
$GNSS,2024-03-16T20:57:23.800Z,33.7625387,-117.2191183,435.431,-0.02,-0.06,0.09,3.244,2.505,0.39,12
$GNSS,2024-03-16T20:57:24.000Z,33.7625386,-117.2191190,435.386,0.00,-0.12,0.14,3.248,2.506,0.41,12
$GNSS,2024-03-16T20:57:24.200Z,33.7625386,-117.2191198,435.319,0.03,-0.04,0.19,3.253,2.507,0.40,12
$GNSS,2024-03-16T20:57:24.400Z,33.7625386,-117.2191207,435.276,0.00,-0.11,0.03,3.258,2.509,0.48,12
$GNSS,2024-03-16T20:57:24.600Z,33.7625385,-117.2191214,435.234,0.00,-0.06,0.06,3.262,2.509,0.43,12
$GNSS,2024-03-16T20:57:24.800Z,33.7625385,-117.2191222,435.200,-0.01,-0.02,-0.01,3.265,2.509,0.42,12
$GNSS,2024-03-16T20:57:25.000Z,33.7625385,-117.2191231,435.171,0.01,-0.05,-0.08,3.265,2.507,0.39,12
$GNSS,2024-03-16T20:57:25.200Z,33.7625384,-117.2191242,435.119,-0.04,-0.01,0.03,3.265,2.506,0.27,12
$GNSS,2024-03-16T20:57:25.400Z,33.7625383,-117.2191239,435.134,-0.03,0.13,-0.02,3.265,2.505,0.42,12
$GNSS,2024-03-16T20:57:25.600Z,33.7625382,-117.2191246,435.107,0.00,0.06,-0.05,3.258,2.500,0.42,12
$GNSS,2024-03-16T20:57:25.800Z,33.7625382,-117.2191256,435.072,0.00,0.00,-0.10,3.257,2.495,0.30,12
$GNSS,2024-03-16T20:57:26.000Z,33.7625381,-117.2191263,435.066,-0.04,-0.02,-0.15,3.258,2.492,0.33,12
$GNSS,2024-03-16T20:57:26.200Z,33.7625381,-117.2191265,435.083,-0.03,0.01,-0.10,3.258,2.490,0.33,12
$GNSS,2024-03-16T20:57:26.400Z,33.7625380,-117.2191272,435.059,-0.05,-0.04,-0.18,3.261,2.488,0.39,11
$GNSS,2024-03-16T20:57:26.600Z,33.7625380,-117.2191273,435.025,-0.04,0.27,0.07,3.262,2.486,0.36,11
$GNSS,2024-03-16T20:57:26.800Z,33.7625381,-117.2191271,434.992,-0.01,0.08,-0.02,3.262,2.484,0.42,11
$GNSS,2024-03-16T20:57:27.000Z,33.7625382,-117.2191276,434.961,0.04,-0.13,-0.06,3.264,2.482,0.43,11
$GNSS,2024-03-16T20:57:27.200Z,33.7625382,-117.2191280,434.923,-0.03,0.02,0.06,3.266,2.481,0.33,11
$GNSS,2024-03-16T20:57:27.400Z,33.7625383,-117.2191282,434.884,0.00,0.04,0.03,3.269,2.481,0.46,11
$GNSS,2024-03-16T20:57:27.600Z,33.7625383,-117.2191292,434.828,0.07,-0.10,0.04,3.270,2.480,0.36,12
$GNSS,2024-03-16T20:57:27.800Z,33.7625383,-117.2191304,434.778,-0.06,0.02,0.03,3.271,2.478,0.21,12
$GNSS,2024-03-16T20:57:28.000Z,33.7625381,-117.2191312,434.762,-0.03,-0.08,-0.09,3.272,2.477,0.36,12
$GNSS,2024-03-16T20:57:28.200Z,33.7625381,-117.2191314,434.733,0.02,0.06,0.01,3.273,2.475,0.42,11
$GNSS,2024-03-16T20:57:28.400Z,33.7625381,-117.2191324,434.676,-0.07,-0.17,0.03,3.273,2.472,0.44,12
$GNSS,2024-03-16T20:57:28.600Z,33.7625380,-117.2191328,434.672,-0.09,0.04,-0.30,3.270,2.465,0.31,12
$GNSS,2024-03-16T20:57:28.800Z,33.7625382,-117.2191329,434.705,0.25,-0.09,-0.29,3.268,2.456,0.28,12
$GNSS,2024-03-16T20:57:29.000Z,33.7625386,-117.2191343,434.619,0.10,-0.10,0.15,3.271,2.451,0.35,12
$GNSS,2024-03-16T20:57:29.200Z,33.7625386,-117.2191353,434.550,-0.07,0.10,-0.02,3.277,2.452,0.44,12
$GNSS,2024-03-16T20:57:29.400Z,33.7625386,-117.2191350,434.555,-0.04,-0.16,0.05,3.282,2.453,0.49,12
$GNSS,2024-03-16T20:57:29.600Z,33.7625386,-117.2191336,434.661,0.03,-0.29,-0.07,3.283,2.455,0.60,12
$GNSS,2024-03-16T20:57:29.800Z,33.7625384,-117.2191313,434.777,-0.32,1.05,-0.38,3.289,2.462,0.55,12
$GNSS,2024-03-16T20:57:30.000Z,33.7625369,-117.2191283,435.137,-1.42,-0.17,-1.18,3.291,2.469,0.52,12
$GNSS,2024-03-16T20:57:30.200Z,33.7625346,-117.2191281,435.560,-1.13,-1.13,-1.61,3.294,2.478,0.83,12
$GNSS,2024-03-16T20:57:30.400Z,33.7625337,-117.2191289,435.649,-0.19,0.24,-0.59,3.304,2.487,0.58,12
$GNSS,2024-03-16T20:57:30.600Z,33.7625337,-117.2191300,435.663,0.04,-0.03,-0.37,3.321,2.499,0.65,12
$GNSS,2024-03-16T20:57:30.800Z,33.7625335,-117.2191299,435.659,-0.35,0.82,-0.22,3.333,2.511,0.76,12
$GNSS,2024-03-16T20:57:31.000Z,33.7625332,-117.2191282,435.770,-0.01,0.67,-0.44,3.340,2.524,0.69,12
$GNSS,2024-03-16T20:57:31.200Z,33.7625329,-117.2191274,435.756,-0.32,0.91,-0.07,3.349,2.536,0.74,12
$GNSS,2024-03-16T20:57:31.400Z,33.7625326,-117.2191275,435.698,-0.02,0.49,-0.03,3.356,2.548,0.75,12
$GNSS,2024-03-16T20:57:31.600Z,33.7625319,-117.2191260,435.673,-0.59,1.02,0.16,3.364,2.565,0.58,12
$GNSS,2024-03-16T20:57:31.800Z,33.7625306,-117.2191251,435.657,-0.67,0.60,0.15,3.373,2.584,0.61,12
$GNSS,2024-03-16T20:57:32.000Z,33.7625294,-117.2191249,435.617,-0.63,0.33,0.18,3.382,2.603,0.59,12
$GNSS,2024-03-16T20:57:32.200Z,33.7625283,-117.2191225,435.646,-0.17,-0.05,1.00,3.386,2.617,0.54,12
$GNSS,2024-03-16T20:57:32.400Z,33.7625276,-117.2191168,435.915,0.06,-0.32,1.09,3.384,2.623,0.56,12
$GNSS,2024-03-16T20:57:32.600Z,33.7625276,-117.2191148,435.929,0.12,-0.23,0.89,3.385,2.631,0.53,12
$GNSS,2024-03-16T20:57:32.800Z,33.7625277,-117.2191135,435.854,0.23,-0.27,1.08,3.388,2.643,0.55,12
